860-01-01,Совместный морской поход Днепровских славян и варягов на Константинополь (Царьград)
907-01-01,Поход Олега на Константинополь. Первый договор Руси с Византией о дружественных отношениях нормах международной торговли и мореплавания
911-01-01,Второй договор Руси с Византией
941-01-01,Первый поход князя Игоря на Константинополь закончившийся провалом
944-01-01,Второй поход князя Игоря на Константинополь. Договор Руси с Византией. (Русь теряла право беспошлинной торговли и обязывалась оказывать помощь в охране пограничных с нею владений Византии).
957-01-01,Посольство княгини Ольги в Константинополь. Принятие ею христианства (под именем Елена)
965-01-01,Разгром князем Святославом Хазарского каганата (на нижней Волге). Установление контроля над торговым путем Волга – Каспийское море.
968-01-01,Разгром печенегов под Киевом
971-01-01,Договор Руси с Византией
980-01-01,Создание единого пантеона языческих богов в Киеве
985-01-01,Поход князя Владимира на волжских булгар
990-01-01,Сооружение в Киеве церкви Успения Богородицы (Десятинной церкви)
1024-01-01,Восстание в Ростово-Суздальской земле; подавлено князем Ярославом
1024-01-01,Раздел Руси между Ярославом Мудрым и его братом Мстиславом по Днепру: Правобережье (с Киевом) отходило к Ярославу; Левобережье (с Черниговом) – к Мстиславу
1036-01-01,Победа князя Ярослава Мудрого над печенегами обеспечившая Руси мир на четверть века (до прихода в Степь половцев)
1043-01-01,Последний поход Руси (во главе с сыном Ярослава Мудрого князем Владимиром Ярославичем Новгородским) на Константинополь; завершился неудачей
1051-01-01,Поставление князем Ярославом Мудрым автора «Слова о Законе и Благодати» Иллариона (первого из русских) на митрополичью кафедру в Киеве. Основание отшельником Антонием Печорской обители в Киеве
1054-01-01,Великое княжение в Киеве Изяслава Ярославича. Составление «Правды Ярославичей» - второй части «Русской правды»
1068-01-01,Набег половцев на Русь. Поход русских князей (Ярославичей) на половцев; поражение на р. Альта. Восстание горожан в Киеве. Бегство Изяслава в Польшу.
1071-01-01,Восстания в Новгороде и Ростово-Суздальской земле
1072-01-01,Перенесение в новую церковь г. Вышгорода мощей князя Бориса и Глеба (сыновей князя Владимира I) убитых сторонниками Святополка ставших первыми русскими святыми
1073-01-01,Изгнание князя Изяслава из Киева
1093-01-01,Поражение князей Святополка и Владимира Всеволодовича Мономаха в битве с половцами на р. Стугна
1096-01-01,Победа князя Святополка над половцами в битве под Переяславлем.
1097-01-01,Съезд князей в г. Люблеч
1103-01-01,Долобский съезд русских князей для подготовки похода на половцев
1103-01-01,Поход князей Святополка и Владимира Мономаха на половцев
1108-01-01,Основание князем Владимиром II Всеволодовичем города Владимира-на-Клязьме.
1111-01-01,Поход русских князей на половцев
1113-01-01,Восстание в Киеве против ростовщиков. Призвание князя Владимира II Всеволодовича
1116-01-01,Победа князя Владимира II Мономаха над половцами
1131-01-01,Походы князя Мстислава Киевского на Литву
1147-01-01,Первое упоминание в летописи Москвы
1155-01-01,Уход князя Андрея Юрьевича Боголюбского из Киева в Ростово-Суздальскую землю
1156-01-01,Первое избрание архиепископа в Новгороде
1157-01-01,Восстание в Киеве
1164-01-01,Перенос во Владимир из Киевского Вышгородского монастыря иконы Богоматери (Богоматерь Владимирская)
1168-01-01,Поход русских князей на половцев
1169-01-01,Взятие и разграбление Киева войсками Андрея Боголюбского
1170-01-01,Битва суздальцев с новгородцами. Поражение суздальцев
1174-01-01,Убийство князя Андрея Боголюбского боярами-заговорщиками
1183-01-01,Объединенный поход южнорусских князей на половцев. Разгром хана Кобяка на р. Орель
1185-01-01,Неудачный поход на половцев князя Новгород-Северского Игоря Святославича послуживший темой для «Слова о полку Игореве»
1190-01-01,Торговые договоры Новгорода с немецкими ганзейскими городами
1199-01-01,Образование Галицко-Волынского княжества
1209-01-01,Первое летописное свидетельство о Твери
1212-01-01,Раздел Владимиро-Суздальской земли между сыновьями князя Всеволода Большое Гнездо
1216-01-01,Битва на р. Липице. Победа князя Константина Всеволодовича над братьями князьями Юрием и Ярославом в борьбе за Владимирское великое княжение
1221-01-01,Основание великим князем Владимирским Юрием Всеволодовичем в земле мордвы Нижнего Новгорода – форпоста для борьбы с Волжской Булгарией
1223-05-31,Разгром татарами русско-половецких дружин на р. Калка
1224-01-01,Захват Орденом меченосцев Юрьева – русской крепости в Прибалтике
1237-12-01,Разрушение монголо-татарами Рязани
1238-03-04,Поражение объединенного войска князей Северо-Восточной Руси в битве с монголо-татарами на р. Сить. Гибель великого князя Владимирского Юрия Всеволодовича
1239-01-01,Вторжение войск Батыя в Южнорусские земли. Разорение Переяславля Чернигова
1240-07-15,Невская битва. Разгром войском Александра Ярославича Невского шведского войска
1242-04-05,Разгром войском князя Александра Ярославича Невского рыцарей Ливонского ордена на Чудском озере («Ледовое побоище»)
1240-01-01,Образование государства Золотая Орда (Улус Джучи)
1250-01-01,Перепись населения («число») организованная монголо-татарами с целью введения централизованной налоговой системы
1257-01-01,Восстание в Новгороде против переписи населения
1261-01-01,Учреждение православной епархии в столице Золотой Орды – Сарае
1262-01-01,Восстания в Ростове Суздале Владимире Ярославле против сборщиков монголо-татарской дани и откупщиков; сбор дани передан русским князьям
1262-01-01,Договор между великим князем владимирским Александром Ярославичем Невским и великим князем Литовским Миндовгом о совместной борьбе с Ливонским орденом
1268-01-01,Поход в Ливонию и победа войска псковичей новгородцев владимиро-суздальцев над немецкими и датскими рыцарями при Раковоре
1269-01-01,Поход ливонцев на Псков. Мир с Ливонским орденом. Стабилизация западных границ Новгорода и Пскова
1299-01-01,Переезд митрополита Максима из Киева во Владимир-на-Клязьме
1318-01-01,Убийство в Орде князя Михаила Тверского
1323-01-01,Закладка князем Юрием Московским и новгородцами крепости Орешек у истоков р. Нева
1325-01-01,Переезд в Москву из Владимира митрополита Петра
1326-01-01,Строительство Успенского собора в Москве
1327-01-01,Восстание в Твери против ордынцев
1333-01-01,Строительство Архангельского собора в Москве
1339-01-01,Убийство в Орде князя Александра Михайловича Тверского
1340-01-01,Основание Сергием Радонежским Троице-Сергиева монастыря
1348-01-01,Договор Пскова и Новгорода о признании самостоятельности Псковской республики
1354-01-01,Поставление на Русскую митрополию Алексия выходца из московского боярского рода
1374-01-01,Появление в Новгороде ереси стригольников выступавших за отправление богослужений мирянами
1374-01-01,Восстание в Нижнем Новгороде против Ордынцев
1375-01-01,Поход князя Дмитрия Ивановича на Тверь. Отказ Твери от претензий на великое Владимирское княжение
1377-01-01,Составление «Лаврентьевской летописи»
1378-08-11,Победа московско-рязанского войска над ордынцами на р. Воже
1380-09-08,Куликовская битва. Победа объединенного русского войска во главе с великим князем Дмитрием Ивановичем Донским над ордынским войском Мамая на Куликовом поле (при впадении р. Непрядва в р. Дон)
1382-01-01,Поход татаро-монгольского войска во главе с ханом Тохтамышем на Москву. Осада и разорение Москвы и других городов Северо-Восточной Руси
1382-01-01,Первое упоминание огнестрельного оружия на Руси
1382-01-01,Начало чеканки монеты в Москве
1392-01-01,Присоединение Нижегородско-Суздальского и Муромского княжеств к Москве
1395-01-01,Разгром войсками Тимура (Тамерлана) Золотой Орды. Разорение окраинных земель Руси. Разрушение Ельца
1395-01-01,Перенесение иконы Владимирской Богоматери в Москву
1395-01-01,Установление вассальной зависимости Смоленска от Литвы
1400-01-01,Присоединение земель коми к Москве. Поход московского войска на волжских булгар и взятие их столицы
1400-01-01,Создание Андреем Рублевым иконы «Троица» для Троицкого собора Троице-Сергиева монастыря
1404-01-01,Взятие Смоленска войском великого князя Литовского Витовта. Присоединение Смоленского княжества к Литве
1408-01-01,Признание великим князем Московским власти Литвы над Смоленском и Верховскими княжествами (в верховьях Оки)
1408-01-01,Вторжение ордынских войск Едигея в Северо-Восточную Русь. Осада Москвы
1410-07-15,Грюнвальдская битва. Разгром объединенным польско-литовско-русским войском рыцарей Тевтонского войска
1420-01-01,Начало чеканки монет в Новгороде
1436-01-01,Основание Соловецкого монастыря
1438-01-01,Миссия митрополита Исидора во Флоренцию для участия в церковном соборе обсуждавшем вопрос об унии православной и католической церквей под главенством Папы Римского
1440-01-01,Признание Литвой самостоятельности Пскова
1441-01-01,Возвращение в Москву митрополита Исидора с грамотой о Флорентийской унии православной и католической церквей. Смещение его великим князем Василием II Темным с митрополичьего престола
1446-01-01,Захват Москвы удельным князем Дмитрием Шемякой – братом Василия Косого. Ослепление по его приказу великого князя Василия II Темного
1448-01-01,Провозглашение автокефалии русской церкви. Избрание Ионы епископа Рязанского митрополитом Московским и всея Руси
1449-01-01,Признание Москвой и Литвой самостоятельности Новгорода и Пскова
1450-01-01,Изгнание Дмитрия Шемяки из Галича (умер в 1453)
1450-01-01,Первые упоминания ограничения перехода крестьян
1456-01-01,Поход великого князя Василия II Темного на Новгород. Поражение новгородцев под Старой Руссой. Заключение Ялжебицкого договора между Москвой и Новгородом ограничевшего новгородские вольности
1458-01-01,Окончательное разделение Киевской митрополии на Киевскую и Московскую
1463-01-01,Присоединение Ярославского княжества к Москве
1470-01-01,Появление в Новгороде ереси «жидовствующих» отрицавших божественную природу Христа
1471-01-01,Первый поход Ивана III на Новгород. Разгром новгородцев на р. Шелонь. Признание Новгорода «отчиной» великого князя Московского
1472-01-01,Бракосочетание Ивана III с Софьей (Зоей) Палеолог племянницей последнего византийского императора
1472-01-01,Окончательное присоединение Пермской земли к Москве
1474-01-01,Присоединение Ростовского княжества к Москве
1477-01-01,Второй поход Ивана III на Новгород. Присоединение Новгорода к Москве
1480-01-01,Поход хана Ахмата на Москву; стояние ордынского и русского войск на р. Угра. Отступление Ахмата. Фактическая ликвидация ордынского ига на Руси
1483-01-01,Поход московского войска в Зауралье и Югорскую землю
1487-01-01,«Вывод» боярских семей из Новгорода и поселение их на землях Московского великого княжества
1487-01-01,Поход московского войска на Казань. Приход к власти в Казани промосковской партии
1489-01-01,Поход московского войска на Вятку. Окончательное присоединение Вятки а также Арской земли (Удмуртия) к Москве
1490-01-01,Осуждение на церковном соборе ереси «жидовствующих»
1490-01-01,Распространение идей нестяжательства (Нил Сорский) и иосифлянства (Иосиф Волоцкий)
1492-01-01,Основание крепости Ивангород на р. Нарва (напротив шведской крепости)
1492-01-01,Реформа календаря (перенос новогодия с 1 марта на 1 сентября)
1497-01-01,Издание «Судебника» Ивана III; установление единого срока перехода крестьян (неделя до и неделя после осеннего Юрьева дня 26 ноября)
1500-01-01,Составление «сказания о князьях Владимирских» с обоснованием происхождения правящей династии (Рюриковичей) от римского императора Августа
1503-01-01,Полемика между Нилом Сорским (умер в 1508) и Иосифом Волоцким (умер в 1515)
1503-01-01,Перемирие на 10 лет между Иваном III и великим князем Литовским Александром Казимировичем. За Московским государством закреплялись Чернигов Брянск Путивль Гомель и часть Смоленской земли
1507-01-01,Первый набег крымских татар на Москву
1510-01-01,Присоединение Пскова к Москве
1510-01-01,Послание монаха Псковского Елеазарова монастыря Филофея к великому князю Василию III в котором выдвигается идея «Москва – Третий Рим»
1514-01-01,Взятие Смоленска войсками великого князя Василия III
1514-09-08,Разгром литовскими войсками войск великого князя Василия III под Оршей
1516-01-01,Договор Василия III с Данией о военном союзе против Швеции и Польши
1519-01-01,Заключение Василием III военного союза с Крымским ханом Мухаммед-Гиреем против короля Польского и великого князя Литовского Сигизмунда I и Казанского ханства
1525-01-01,Церковные соборы осудившие Максима Грека И. Н. Берсеня-Беклемишева и др.
1531-01-01,Осуждение на церковных соборах и ссылка Вассиана Косого в Иосифо-Волоколамский монастырь. Максима Грека – в Тверь
1547-01-07,Венчание Ивана IV на царство официальное принятие Иваном IV титула «царя и великого князя всея Руси»
1547-01-01,Восстание посадских людей в Москве
1549-01-01,Созыв Земского собора. Создание системы приказов
1550-01-01,Издание «Судебника» Ивана IV. Создание стрелецкого войска
1550-01-01,Основание ярмарки у Макарьевского монастыря на Волге
1551-06-01,Присоединение Чувашии к Русскому государству
1552-01-01,Поход русского войска во главе с царем Иваном IV на Казанское ханство. Взятие Казани (2 октября). Присоединение Казанского ханства к Русскому государству
1555-01-01,Образование в Англии Московской (Русской) торговой компании и предоставление ей привилегий на торговлю в Русском государстве
1555-01-01,Признание сибирским ханством вассальной зависимости от Москвы
1556-01-01,Взятие русскими войсками Астрахани. Присоединение Астраханского ханства к Русскому государству
1558-01-01,Взятие русскими войсками Нарвы (11 мая) и Дерпта (Юрьева) (18 июля)
1559-06-01,Перемирие с Ливонским орденом
1561-01-01,Распад Ливонского ордена
1563-02-18,Взятие русскими войсками Полоцка
1564-01-01,Издание Иваном Федоровым в Москве «Апостола» - первой русской печатной книги
1564-01-01,Поражение русских войск под Оршей
1564-12-03,Отъезд царя Ивана IV из Москвы в Александровскую Слободу
1565-02-02,Возвращение Ивана IV в Москву. Учреждение (3 февраля) опричнины.
1566-06-01,Заключение перемирия между царем Иваном IV и Польским королем Сигизмундом II Августом
1571-01-01,Первый русский военный устав – «Уложение о станичной службе»
1571-05-01,Поход Крымского хана Девлет-Гирея на Москву. Сожжение Москвы.
1571-05-01,Прекращение выплаты дани Сибирским ханом Кучумом царю Ивану IV
1572-01-01,Упразднение опричнины
1579-07-01,Вторжение шведских войск в новгородские земли
1579-07-01,Объявление королем Речи Посполитой Стефаном Баторием войны Русскому государству
1579-08-30,Взятие польскими войсками Полоцка
1580-01-01,Приговор церковного собора об ограничении монастырского землевладения
1581-01-01,Начало введения заповедных лет (запрет перехода крестьян)
1581-09-01,Взятие шведскими войсками крепостей Нарва Ивангород Ям Копорье
1581-10-26,Вступление дружины Ермака в столицу Сибирского ханства Кашлык
1591-11-19,Смерть старшего сына Ивана IV царевича Ивана
1582-02-06,Ям-Запольский мир с Речью Посполитой
1583-01-01,Плюсское перемирие со Швецией
1584-01-01,Основание Архангельска
1585-08-06,Разгром Сибирским ханом Кучумом отряда Ермака. Гибель Ермака
1586-01-01,Основание Воронежа Тюмени Самары Уфы Тобольска
1589-01-26,Учреждение Патриаршества в Русском государстве. Избрание патриархом митрополита Иова (умер в 1605)
1589-01-01,«Судебник» царя Федора Ивановича
1591-05-15,Смерть в Угличе младшего сына Ивана IV царевича Дмитрия
1591-06-01,Поход на Москву Крымского хана Казы-Гирея сражение (4 июля) у Данилова монастыря близ Москвы (отступление татарских войск)
1593-01-01,Завершение введения заповедных лет. Отмена Юрьева дня (осеннего)
1594-01-01,Официальное назначение боярина Бориса Годунова правителем государства при царе Федоре Ивановиче
1595-05-18,Тявзинский «вечный мир» между Русским государством и Швецией. Швеция уступала Ям Корелы Ивангород Копорье Ниеншанц Орешек
1596-01-01,Провозглашение Брестским церковным собором унии православной и католической церквей на территории Речи Посполитой
1597-11-24,Установление 5-летнего срока сыска беглых и насильно вывезенных крестьян для возвращения их назад
1598-01-06,Смерть царя Федора Ивановича. Прекращение династии Рюриковичей
1603-01-01,Восстание крестьян и холопов под предводительством Хлопка
1604-01-01,Основание Томска
1604-01-01,Вступление войск Лжедмитрия I на территорию России
1606-05-17,Восстание в Москве против поляков. Убийство Лжедмитрия I
1607-03-09,«Уложение» царя Василия IV Шуйского. Установление 15-летнего срока сыска беглых крестьян
1607-10-10,Взятие Тулы войсками Василия Шуйского. Арест Болотникова (сослан в Каргополь утоплен)
1608-01-01,Начало похода Лжедмитрия II на Москву. Создание «Тушинского лагеря»
1609-12-01,Бегство Лжедмитрия II в Калугу
1610-07-17,Свержение царя Василия IV Шуйского
1610-01-01,Договор «тушинцев» с королем Речи Посполитой Сигизмундом III о призвании на русский престол королевича Владислава
1610-09-01,Вступление в Москву польских войск
1611-03-01,Восстание в Москве против польских войск. Пожар в Москве
1611-07-01,Распад первого ополчения
1612-04-01,Создание в Ярославле «Совета всей земли» (временного правительства России)
1612-10-26,Вступление войск второго ополчения в Москву. Капитуляция польского гарнизона в Кремле
1613-01-01,Созыв Земского собора в Москве
1613-02-21,Избрание Земским собором на русский престол Михаила Федоровича Романова
1617-02-27,Столбовский «вечный мир» со Швецией
1618-12-01,Деулинское перемирие с Речью Посполитой
1619-06-01,Возвращение из польского плена отца Михаила Федоровича Филарета. Возведение его в сан патриарха Московского (до 1633)
1628-01-01,Основание Красноярска
1634-01-01,Поляновский мир с Речью Посполитой. Отказ короля Владислава IV от претензий на русский престол
1636-01-01,Основание Симбирска
1647-01-01,Основание Охотска
1648-01-01,«Соляной бунт» в Москве. Восстания в Сольвычегорске Великом Устюге Соликамске Козлове Курске Воронеже Томске Сургуте и др.
1648-01-01,Поход С. Дежнева. Открытие пролива между Азией и Америкой
1648-07-01,Созыв Земского собора. Начало работы Уложенной комиссии князя Н. И. Одоевского
1649-01-29,Принятие Земским собором нового свода законов – Соборного уложения царя Алексея Михайловича
1650-01-01,Восстания в Пскове и Новгороде
1650-01-01,Образование в Москве кружка «ревнителей благочестия» выступавших за проведение церковной реформы
1652-01-01,Установление казенной монополии на торговлю хлебным вином (водкой)
1653-01-01,Начало церковной реформы патриарха Никона
1654-01-08,Переяславская рада. Присоединение Украины к России
1661-01-01,Основание Иркутска
1661-06-21,Кардисский мир со Швецией
1662-07-25,«Медный бунт» в Москве
1666-01-01,Учреждение почты в России
1667-01-30,Андрусовское перемирие с Речью Посполитой. Возвращение России Смоленской и Черниговской земель
1679-01-01,Введение подворного налогообложения (вместо посошного)
1681-01-13,Бахчисарайское перемирие с Турцией и Крымским ханством
1682-01-01,Отмена местничества (система феодальной иерархии существовавшая с 15 в.)
1682-04-04,Сожжение в Пустозерске лидеров церковного раскола Аввакума Епифания и др.
1682-04-01,Борьба за власть боярских группировок Нарышкиных и Милославских после смерти царя Федора Алексеевича. Стрелецкий бунт.
1686-01-01,Создание Петром I «потешных войск»
1686-05-06,«Вечный мир» с Речью Посполитой
1687-01-01,Основание Эллино-греческой (с 1701 Славяно-греко-латинская) академии в Москве
1689-08-27,Нерчинский договор с Китаем. Установление русско-китайской границы по рекам Аргунь и Горбица
1698-01-01,Бунт стрелецких полков. Массовые казни стрельцов
1698-08-19,Указ Петра I о запрещении ношения бороды и введении европейской одежды
1699-01-01,Реформа городского управления. Создание Бургмистерской палаты
1699-01-01,Расформирование стрелецкого войска
1700-01-01,Введение нового летоисчисления (юлианский календарь)
1700-07-13,Константинопольский мирный договор с Турцией
1700-01-01,Смерть патриарха Адриана. Назначение митрополита Стефана Яворского местоблюстителем патриаршего престола
1701-01-01,Открытие в Москве школы математических и навигацких наук
1702-10-01,Осада и взятие штурмом русскими войсками крепости Нотебург (Орешек)
1703-01-02,Выход в свет первой русской газеты «Ведомости»
1703-04-01,Взятие русскими войсками под командованием Б. П. Шереметьева крепости Ниеншанц в устье Невы
1703-05-16,Основание Санкт-Петербурга
1703-01-01,Выход в свет учебника «Арифметика» Л. Ф. Магницкого
1704-06-01,Осада и взятие русскими войсками крепостей Дерпт и Нарва
1705-01-01,Введение ежегодной рекрутской повинности
1706-03-01,Отступление русских войск из Гродно к Брест-Литовску а затем к Киеву
1708-06-01,Вторжение шведской армии короля Карла XII в Россию форсирование р. Березина
1708-07-01,Выступление гетмана И. С. Мазепы на стороне Швеции против России
1708-09-28,Разгром Петром I шведского корпуса у Лесной
1708-12-01,Реформа административного управления. Разделение России на губернии
1708-12-01,Введение гражданского шрифта
1709-01-01,Разрушение Запорожской Сечи
1709-06-27,Полтавская битва. Поражение шведских войск. Бегство Шведского короля Карла XII и Мазепы в Турцию (30 июня)
1709-07-01,Союз России Речи Посполитой Дании и Пруссии против Швеции
1710-01-01,Взятие русскими войсками Риги Ревеля Выборга
1710-01-01,Подворно-податная перепись населения
1710-11-01,Объявление Турцией подстрекаемой Карлом XII войны России
1711-02-01,Учреждение Правительствующего Сената
1711-07-12,Заключение Прутского (Ясского) мира между Россией и Турцией. Возвращение Турции Азова обязательство уничтожить крепости на Юге и Азовский флот
1712-01-01,Указы царя Петра I о создании Оружейного двора в Туле и Литейного двора в Петербурге
1712-03-01,Венчание Петра I с Мартой Еленой Скавронской (после принятия православия – Екатерина Алексеевна)
1713-01-01,Наступление русских войск в Финляндии. Взятие Гельсингфорса и Або
1714-01-01,Указ царя Петра I о единонаследии
1714-07-27,Гангутское морское сражение. Победа русского флота над шведами
1716-03-01,Принятие «воинского устава»
1716-09-01,Бегство царевича Алексея за границу
1717-01-01,Поездка царя Петра I во Францию
1718-01-01,Возвращение царевича Алексея в Россию (по требованию Петра I). Манифест о лишении царевича Алексея прав на престол
1718-06-01,Кончина царевича Алексея после вынесения ему смертного приговора по обвинению в организации заговора
1719-01-01,Административная реформа. Разделение губерний на провинции. «Генеральный регламент» Петра I (устав гражданской службы)
1720-06-28,Победа русского флота над шведской эскадрой у острова Гренгам
1721-08-30,Ништадский мир России со Швецией. Завершение Северной войны. Закрепление за Россией Лифляндии Эстляндии Ингерманландии части Карелии с Выборгом и части Южной Финляндии
1721-10-11,Принятие Петром I императорского титула
1721-01-01,Учреждение государственной почты
1721-01-01,Начало строительства крепости Екатеринбург
1721-01-01,Учреждение Святейшего Синода (вместо патриаршества)
1722-01-13,Издание «Табели о рангах» разделение всех государственных служащих на 14 рангов (чинов)
1722-01-01,Ликвидация гетманства на Украине
1723-01-01,Взятие русскими войсками Дербента Баку
1723-09-01,Русско-персидский ирный договор. Признание Персией прав России на западное и южное побережье Каспийского моря
1724-01-01,Учреждение Академии наук. Торжественное открытие Академии в Петербурге (27 декабря 1725)
1724-06-01,Константинопольский договор России с Турцией о разграничении владений в Закавказье
1725-01-28,Смерть Петра I. Борьба за власть между придворными группировками во главе с А. Д. Меншиковым и Долгорукими. Возведение на престол группировкой Меншикова Екатерины I
1725-06-01,Брак старшей дочери Петра I Анны Петровны с Карлом Фридрихом герцогом Гольштейн-Готторнским
1726-02-01,Учреждение Верховного тайного совета под председательством Екатерины I
1726-01-01,Открытие при Академии наук Академической гимназии и Академического университета
1727-01-01,Восстановление гетманства на Украине (до 1734)
1727-09-01,Низложение и арест А. Д. Меншикова возвышение Долгоруких
1727-10-21,Кяхтинский договор между Россией и Кираем об установлении границ и условиях русско-китайской торговли
1730-01-01,Избрание на русский престол вдовы герцога Курляндского дочери царя Ивана V – Анны Ивановны
1730-03-01,Отмена указа о единонаследии
1730-01-01,Отмена майората при наследовании имений
1731-10-18,Упразднение Верховного тайного совета и учреждение Кабинета министров
1731-01-01,Объявление земель помещиков их наследственной собственностью
1732-01-01,Рештский трактат между Россией и Персией. Возвращение Персии южного побережья Каспийского моря приобретенного Россией в ходе русско-персидской войны (1722 – 1723)
1733-09-01,Вступление русских войск в Варшаву (в ходе войны за Польское наследство)
1736-01-01,Указы о закреплении мастеровых на мануфактурах о запрещении фабрикам покупать поселения с землей о принудительном привлечении к работам на мануфактурах нищих и бродяг
1736-01-01,Постройка крепости Кизляр на Северном Кавказе
1739-09-18,Подписание Белградского мира с Турцией. Возвращение Азова и Запорожья
1740-10-17,Смерть Анны Ивановны. Возведение на престол Ивана VI Антоновича (родился 2 августа 1740) сына Анны Леопольдовны (внучки царя Ивана V) и герцога Антона-Ульриха Брауншвейгского провозглашение регентом Бирона
1740-11-08,Свержение Бирона. Провозглашение регентшей Анны Леопольдовны
1741-12-01,Упразднение Кабинета министров восстановление полномочий Сената
1743-05-01,Разгром шведской флотилии у острова Корно
1743-08-01,Подписание русско-шведского договора в Або (Финляндия) получение Россией части Финляндии
1743-01-01,Основание Оренбурга
1750-01-01,Назначение гетманом Украины графа К. Г. Разумовского
1753-12-01,Указ об отмене внутренних торговых пошлин
1754-01-01,Начало экономических реформ П. И. Шувалова. Таможенный устав. Учреждение Дворянского и Купеческого заёмного банков
1755-01-12,Основание Московского университета (по инициативе М. В. Ломоносова при покровительстве И. И. Шувалова)
1757-08-19,Разгром русскими войсками под командованием С. Ф. Апраксина прусской армии у Гросс-Егерсдорфа. Последующий отход русских войск к Тильзиту
1757-01-01,Введение покровительственного таможенного тарифа
1757-11-01,Учреждение Академии художеств
1757-12-30,Взятие русскими войсками под командованием В. В. Фермора Кёнигсберга
1758-01-01,Манифест Елизаветы Петровны о включении Восточной Пруссии в состав Российской Империи
1759-08-01,Победа русских войск под командованием П. С. Салтыкова над прусской армией Фридриха II при Куннерсдорфе (под Франкфуртом)
1760-09-28,Взятие русскими войсками Берлина
1761-12-25,Смерть императрицы Елизаветы Петровны. Вступление на престол Петра III Федоровича – сына Анны Петровны (дочери Петра I) и Карла Фридриха герцога Гольштейн-Готторнского
1762-02-01,Манифест о вольности дворянства. Манифест об уничтожении Тайной канцелярии и отмене сыска по устному доносу
1762-04-13,Мир с Пруссией. Россия уступала Пруссии все свои завоевания в ходе Семилетней войны
1762-05-29,Заключение союза с Пруссией
1762-06-29,Дворцовый переворот. Свержение императора Петра III и возведение его жены Екатерины II Алексеевны (урожденная София Фредерика Ангальт-Цербстская)
1762-07-06,Убийство Петра III
1764-02-01,Секуляризация церковных и монастырских земель
1764-07-01,Попытка государственного переворота с целью возвращения на престол Ивана VI Антоновича предпринятая поручиком В. Я. Мировичем. Убийство Ивана VI. Казнь (сентябрь) Мировича
1764-10-01,Избрание на польский престол ставленника Екатерины II графа Станислава Понятовского
1764-01-01,Окончательное упразднение гетманства на Украине
1764-12-01,Начало реформ в области образования по проекту И. И. Бецкого
1765-01-01,Указ о праве помещиков ссылать крепостных крестьян в Сибирь
1765-10-01,Создание Вольного экономического общества
1766-01-01,Торговый договор с Великобританией
1767-01-01,Публикация «Наказа» Екатерины II для Комиссии по составлению нового Уложения
1769-01-01,Выпуск ассигнаций (первых бумажных денег в России)
1769-01-01,Первый внешний заём России (в Амстердаме)
1770-06-26,Победа русского флота при Чесме
1770-07-01,Победы русских войск под командованием П. А. Румянцева при Ларге и Кагуле
1770-12-01,Взятие русскими войсками Аккермана и Бухареста
1771-01-01,Занятие русскими войсками Крыма
1771-01-01,Эпидемия чумы в Москве. «Чумной бунт»
1771-01-01,Запрещение продажи крепостных с публичных торгов за долги помещика
1772-07-25,Петербургская конвенция о первом разделе Речи Посполитой между Россией Пруссией и Австрией. Присоединение к России Подвинья Полоцкого Витебского Мстиславского и части Минского воеводств польской части Ливонии
1772-09-01,Победы русских войск под командованием А. В. Суворова под Карасу и Кючук-Кайнарджи
1773-11-01,Поражение правительственных войск в сражении с войском Пугачева под Оренбургом
1774-07-10,Кючук-Кайнарджийский мир с Турцией
1774-07-01,Штурм и взятие Пугачевым Казани; его поражение в сражении под Казанью
1774-08-01,Окончательное поражение Пугачева под Царицыном
1775-01-10,Казнь Пугачева в Москве
1775-01-01,Издание «Учреждения для управления губерний Российской империи». Разделение страны на 51 губернию
1779-01-01,Основание Черноморского флота
1780-01-01,Декларация Екатерины II о «вооруженном нейтралитете» с целью охраны торгового мореплавания во время борьбы британских колоний в Северной Америке за независимость
1783-03-28,Манифест Екатерины II о присоединении Крыма к России
1783-05-03,Указ о закрепощении крестьян на Левобережной Украине
1783-07-24,Георгиевский трактат – договор о добровольном принятии Картли-Кахетинского царства (Восточная Грузия) под покровительство Российской империи
1784-01-01,Создание Г. И. Шелеховым первых русских поселений на Аляске
1785-04-21,«Жалованная грамота дворянству» и «Грамота на права и выгоды городам Российской империи»
1786-12-31,Торговый договор России и Франции
1786-01-01,Секуляризация церковных и монастырских земель на Украине
1788-07-06,Победа русского флота над шведским при Гогланде
1788-09-18,Взятие русско-австрийскими войсками под командованием И. П. Салтыкова и принца Кобургского крепости Хотин
1788-12-06,Взятие русскими войсками под командованием Г. А. Потемкина турецкой крепости Очаков
1789-07-21,Победа русско-австрийских войск под командованием А. В. Суворова и принца Кобургского при Фокшанах
1789-09-11,Победа русских войск под командованием А. В. Суворова при Рымнике
1789-09-28,Капитуляция Аккермана
1790-03-01,Ряд поражений русских войск в Финляндии
1790-08-03,Версальский мир между Россией и Швецией
1790-08-28,Победа русского флота под командованием Ф. Ф. Ушакова над турецким флотом при Тендре
1790-01-01,Указ Екатерины II о возвращении всех русских из революционной Франции
1790-12-11,Взятие русскими войсками под командованием А. В. Суворова крепости Измаил
1791-07-31,Разгром турецкого флота при мысе Каликария
1791-12-29,Ясский мир с Турцией. Признание Турцией присоединения Крыма к России
1793-01-12,Петербургская конвенция между Россией и Пруссией о втором разделе Речи Посполитой. Переход к России большей части Украины и Белоруссии (с Минском)
1793-01-01,Замена пожизненной солдатской службы 25-летним сроком
1794-01-01,Подавление русскими войсками восстания Т. Костюшко в Польше
1795-10-13,Петербургская конвенция между Россией Австрией и Пруссией о третьем разделе Речи Посполитой. Переход к России Литвы Курляндии Западной Белоруссии и Западной Украины
1796-11-06,Смерть императрицы Екатерины II
1797-01-01,Введение престолонаследия по генеалогическому старшинству
1799-01-01,Участие России в войнах второй антифранцузской коалиции
1799-01-01,Русско-турецкая экспедиция к Ионическим островам под командованием Ф. Ф. Ушакова образование Ионической республики под протекторатом России (до 1807)
1799-02-01,Штурм Ф. Ф. Ушаковым французской крепости на острове Корфу
1799-09-01,Швейцарский поход А. В. Суворова. Прорыв через перевал Сен-Готард и ущелье Чертов мост
1799-01-01,Образование Российско-Американской компании
1801-01-18,Присоединение Картли-Кахетинского царства к России
1801-03-11,Дворцовый переворот. Убийство императора Павла I
1801-06-24,Учреждение Негласного комитета для подготовки реформ состоявшего из «молодых друзей» императора
1802-09-08,Министерская реформа. Замена коллегий министерствами. Учреждение Комитета министров
1802-01-01,Основание Дерптского университета
1803-02-20,Указ о «вольных хлебопашцах»
1804-01-01,Основание Казанского университета. Принятие единого университетского устава; введение автономии университетов
1805-01-01,Основание Харьковского университета. Основание Московского общества испытателей природы
1805-11-20,Поражение русско-австрийских войск в сражении с французскими войсками под Аустерлицем
1807-01-26,Сражение русских и французских войск при Прёйсиш-Эйлау
1807-06-02,Поражение русских войск в сражении с французскими войсками под Фридландом
1808-01-01,Назначение М. М. Сперанского главой Комиссии о составлении законов
1808-01-01,Основание Сибирского казачьего войска
1809-03-01,Созыв императором Александром I Боргосского сейма представителей финляндских сословий. Образование Великого княжества Финляндского в составе Российской империи
1809-01-01,Проект реформ М. М. Сперанского предусматривавший постепенный переход к монархии конституционного типа
1809-01-01,Запрещение помещикам ссылать своих крестьян в Сибирь (действовало до 1822)
1810-01-01,Учреждение государственного совета (с совещательными функциями)
1810-01-01,Начало организации военных поселений
1810-01-01,Присоединение Абхазии
1811-10-19,Открытие Царскосельского лицея
1812-03-01,Отставка и ссылка (до 1816) М. М. Сперанского
1812-05-16,Бухарестский мир между Россией и Турцией. Присоединение Бессарабии к России
1812-06-12,Вторжение «Великой армии» Наполеона в Россию. Начало Отечественной войны русского народа
1812-08-08,Назначение М. И. Кутузова главнокомандующим русской армией
1812-08-26,Бородинское сражение
1812-09-01,Военный совет в Филях (близ Москвы). Решение о сдаче Москвы
1812-09-02,Вступление войск Наполеона в Москву. Начало Московского пожара
1812-10-02,Отступление Наполеона из Москвы
1812-10-06,Победа русских войск в сражении с корпусом И. Мюрата под Тарутином
1812-10-12,Сражение под Малоярославцем
1813-10-24,Гюлистанский мир с Персией. Присоединение территории Северного Азербайджана и Дагестана к России
1814-03-01,Вступление союзных войск (в т.ч. русских под командованием императора Александра I) в Париж. Отречение Наполеона и ссылка его на о. Эльба
1814-01-01,Открытие Публичной библиотеки в Петербурге
1814-05-18,Парижский мирный договор. Возвращение Франции к границам 1792
1815-01-01,Постройка в России первого парохода
1815-06-01,Подписание итоговых документов Венского конгресса. Герцогство Варшавское разделено между Россией Австрией и Пруссией
1815-09-14,Акт о создании священного союза подписан русским императором Александром I австрийским императором Францем I и прусским королем Фридрихом Вильгельмом III (позднее к союзу присоединились почти все европейские монархи)
1815-11-08,Второй Парижский мирный договор предусматривавший 5-летнюю оккупацию Франции войсками союзных держав (прекращена досрочно в 1818)
1815-11-27,Дарование императором Александром I Конституции Царству Польскому
1816-02-01,Создание «Союза спасения» - первой тайной «декабристской организации»
1817-01-01,Образование Астраханского казачьего войска
1818-01-01,Образование «Союза благоденствия» - тайного «декабристского» общества
1819-01-01,Основание Петербургского университета (?)
1819-01-01,Волнения в Чугуевских военных поселениях
1820-01-01,Волнения в Семеновском полку
1821-01-01,Образование тайных Северного и Южного обществ
1823-01-01,Образование тайного Общества соединенных славян
1824-01-01,Снятие ограничений с крестьянской торговли
1825-12-25,Восстание в Петербурге подготовленное членами Северного общества («Восстание декабристов»)
1826-04-04,Петербургский протокол России и Великобритании с требованием к Турции предоставить автономию Греции
1826-01-01,Учреждение Корпуса жандармов и Третьего отделения Собственной его императорского величества канцелярии (орган тайной полиции). Ужесточение цензуры («чугунный» устав)
1826-07-13,Казнь декабристов М. П. Бестужева-Рюмина П. Г. Каховского С. И. Муравьева-Апостола П. И. Пестеля К. Ф. Рылеева
1826-09-25,Аккерманская конвенция между Россией и Турцией. Признание Турцией присоединения Сухуми к России восстановление автономии Дунайских княжеств признание автономии Сербии
1827-06-24,Лондонская конвенция между Россией Великобританией и Францией об автономии Греции и совместных действиях против Турции
1827-10-01,Взятие Эривани русскими войсками под командованием И. Ф. Паскевича
1827-10-08,Наваринское сражение. Уничтожение соединенной англо-русско-французской эскадрой турецкого флота
1827-01-01,Основание Гельсингфорского университета
1828-02-10,Туркманчайский мир между Россией и Персией. Присоединение Восточной Армении к России
1829-09-02,Адрианопольский мир между Россией и Турцией. Переход к России устья Дуная и Черноморского побережья Кавказа (от Кубани до Поти). Право прохода русских судов через проливы. Признание автономии Греции Сербии Молдавии и Валахии
1829-01-01,Первая Всероссийская мануфактурная выставка
1831-01-01,Восстание в военных поселениях Новгородской губернии
1832-01-01,Выдвижение министром народного просвещения графом С. С. Уваровым формулы «Православие самодержавие народность» ставшей основы теории «официальной народности»
1832-02-01,Замена Конституции Царства Польского «Органическим статусом» ограничившим автономию Польши в рамках Российской империи
1833-01-01,Запрет продажи крепостных с публичного торга
1833-01-01,Манифест о введение в действие (с 1835) «Свода законов российской империи»
1833-06-26,Ункяр-Искелесийский договор между Россией и Турцией об оборонительном союзе
1834-01-01,Основание Киевского университета
1835-01-01,Новый университетский устав. Упразднение университетской автономии
1837-01-01,Открытие первой в России железной дороги (между Петербургом и Царским Селом)
1840-01-01,Отмена Литовского статута действовавшего с 1588. Распространение на западные губернии общероссийских законов
1842-01-01,Закон об обязанных крестьянах в соответствии с которым крестьяне могли с согласия помещика получать личную свободу и землю в наследственное пользование
1843-01-01,Создание Шестого отделения Собственной его императорского величества канцелярии по вопросам управления Закавказьем
1840-01-01,Начало полемики между «западниками» и «славянофилами»
1848-02-01,Мобилизационные мероприятия русской армии в связи с революцией во Франции. Учреждение негласного комитета по наблюдению за цензурой
1848-03-01,Приказ императора Николая I о возвращении всех русских подданных из Франции. Запрет на публикацию в печати сообщений из Европы
1848-04-01,Создание комитета для высшего надзора за духом и направлением печатаемых в России произведений («Бутурлинский комитет»)
1851-01-01,Открытие железной дороги Петербург-Москва (с 1855 – Николаевская железная дорога)
1853-02-01,Создание в Лондоне «Вольной русской типографии» А. И. Герцена
1853-01-01,Кокандский поход генерала В. А. Перовского
1853-06-01,Вход русских войск в Дунайские княжества. Обострение русско-турецких отношений.
1853-11-18,Разгром русским флотом под командованием П. С. Нахимова Турецкого флота в Синопской бухте
1853-12-01,Фактическое вступление Великобритании и Франции в Крымскую войну. Англо-французский флот вошел в Черное море (23 декабря)
1854-01-01,Основание Заилийского военного укрепления (Верный современная Алма-Ата)
1854-02-09,Объявление Россией войны Великобритании и Франции
1854-06-01,Вывод русских войск из Молдавии и Валахии
1854-08-01,Оборона Петропавловска-Камчатского от англо-французского десанта
1854-09-01,Высадка англо-французских войск в Крыму
1855-11-16,Взятие русскими войсками под командованием Н. Н. Муравьева крепости Карс в Закавказье
1856-03-18,Парижский мир завершивший Крымскую войну. Нейтрализация Черного моря с запрещением России и Турции держать на нем военный флот отмена исключительного протектората России над Дунайскими княжествами
1856-08-01,Амнистия ссыльным декабристам
1857-01-01,Ликвидация военных поселений
1858-01-01,Образование Главного комитета по крестьянскому вопросу. Образование губернских комитетов для подготовки крестьянской реформы
1858-05-16,Айгунский договор между Россией и Китаем. Объявление левого берега Амура (от реки Аргунь до устья) владением России земель от реки Уссури до Тихого океана совместным владением
1859-03-01,Создание Редакционных комиссий для рассмотрения проектов крестьянской реформы представленных губернскими комитетами
1859-01-01,Занятие русскими войсками всей территории Чечни и Нагорного Дагестана. Пленение Шамиля
1860-01-01,Создание Государственного банка
1860-01-01,Основание Владивостока
1860-11-02,Пекинский трактат России и Китая. Закрепление за Россией Уссурийского края. Открытие для русских купцов Пекина Урги Кантона и Кашгара
1861-02-19,Манифест об освобождении крестьян от крепостной зависимости
1861-04-01,Волнения крестьян села Бездна Казанской губернии
1861-01-01,Студенческие волнения в Петербурге и Москве против ограничения прав студентов. Временное закрытие (20 декабря) Петербургского университета
1863-01-01,Отмена винных откупов и введение акциза. Отмена телесных наказаний
1863-06-01,Новый университетский устав. Восстановление автономии университетов
1863-06-01,Положение о поземельном устройстве для удельных крестьян
1864-01-01,Земская реформа. Судебная реформа (введение суда присяжных). Реформа среднего образования
1865-04-06,Принятие «Временных правил о печати»
1865-01-01,Основание Новороссийского университета (в Одессе)
1866-01-01,Закон о поземельном устройстве государственных крестьян
1866-04-04,Покушение на императора Александра II совершенное членом ишутинского кружка Д. В. Каракозовым
1867-03-18,Договор о продаже Россией Аляски и Алеутских островов США
1868-01-01,«Бухарский поход» генерал-губернатора Туркестанского края К. П. Кауфмана
1868-08-01,Договор с Бухарой. Установление протектората России над Бухарским ханством
1870-01-01,Городская реформа. Замена сословных городских дум всесословными
1870-10-19,Циркуляр министра иностранных дел А. М. Горчакова об отказе России от условий Парижского мира (1856) об ограничении ее прав на Черном море
1871-03-01,Лондонская конвенция об отмене ограничений прав России и Турции на Черном море (по Парижскому миру 1856)
1872-01-01,Стачка на Кренгольмской мануфактуре
1872-06-01,Учреждение «Особого присутствия правительствующего Сената» для суда по государственным преступлениям
1873-05-25,Шёнбруннское соглашение между императорами России и Австро-Венгрии о совместных действиях в случае нападения на одну из стран
1873-08-01,Договор с Хивой. Установление Протектората России над Хивинским ханством
1873-10-11,Присоединение императора Германии к Шёнбруннскому соглашению (25 мая 1873). Окончательное оформление «Союза трех императоров»
1875-04-25,Петербургский договор с Японией о передаче России острова Сахалин в обмен на 18 Курильских островов отошедших к Японии
1876-02-01,Присоединение Кокандского ханства к Российской империи
1876-12-06,Студенческая демонстрация у Казанского собора в Петербурге («Казанская демонстрация»)
1876-01-01,Объединение народнических кружков в тайное общество принявшее (1878) название «Земля и воля»
1877-01-03,Будапештская конвенция (секретная) России и Австро-Венгрии об австрийском нейтралитете в случае русско-турецкой войны
1877-07-19,Взятие русскими войсками Шипкинского перевала
1877-01-01,«Чигиринский заговор» - неудачная попытка народников поднять крестьянское восстание в Чигиринском уезде Киевской губернии
1877-11-06,Взятие русскими войсками турецкой крепости Карс
1877-12-27,Победа русских войск под командованием Н. И. Святополк-Мирского и М. Д. Скобелева при Шипке-Шейново
1878-01-08,Взятие русскими войсками Адрианополя
1878-02-19,Подписание Сан-Стефанского мирного договора с Турцией
1878-08-04,Убийство С. М Кравчинским шефа жандармов генерала Н. В. Мезенцова. Передача дел о государственных преступлениях в военные суды
1879-04-02,Покушение А. К. Соловьева на императора Александра II в Петербурге
1879-08-01,Раскол «Земли и воли» на «Народную волю» и «Черный передел»
1879-09-20,Подписание в Ливадии предварительного русско-китайского договора о возврате Китаю Кашгара выплате Китаем 5 млн. рублей праве беспошлинной торговле русских в Монголии и Западном Китае
1880-02-05,Взрыв в Зимнем дворце (покушение на императора Александра II подготовленное С. Н. Халтуриным)
1880-02-12,Учреждение Верховной распорядительной комиссии во главе с М. Т. Лорис-Меликовым
1880-08-06,Упразднение верховной распорядительной комиссии и Третьего отделения функции которых переданы Министерству внутренних дел во главе с М. Т. Лорис-Меликовым
1881-03-01,Убийство императора Александра II народовольцами
1881-04-29,Манифест императора Александра III «О незыблемости самодержавия»
1881-08-14,Положение «О мерах к охранению государственной безопасности и общественного спокойствия»
1881-12-28,Закон о прекращении временнообязанных отношений крестьян с помещиками и об обязательном выкупе земельных наделов
1882-01-01,Учреждение Крестьянского Поземельного банка
1882-01-01,Закон об ограничении детского труда. Создание фабричной инспекции для контроля за соблюдением фабричных законов
1882-01-01,Отмена подушной подати в Европейской России (с 1899 – в Сибири)
1882-08-27,Принятие новых «Временных правил о печати»
1883-01-01,Образование в Женеве группы «Освобождение труда» (Г. В. Плеханов П. Б. Аксельрод Л. Г. Дейч В. И. Засулич В. Н. Игнатов). Первые марксистские кружки в России (группа Д. Благоева в Петербурге)
1884-08-23,Новый университетский устав. Отмена университетской автономии
1885-01-01,Стачка на Морозовской фабрике в Орехово-Зуеве
1885-01-01,Учреждение Дворянского земельного банка
1885-06-01,Закон о запрещении ночной работы женщин и подростков на промышленных предприятиях
1885-08-29,Подписание англо-русского протокола об установлении российско-афганской границы
1886-03-01,Закон об ограничении семейных разделов крестьян
1886-06-01,Закон об обязательном выкупе земельных наделов бывшими государственными крестьянами. Положение о найме сельскохозяйственных рабочих
1887-03-01,Попытка членов Террористической фракции «Народной воли» организовать покушение на императора Александра III
1887-06-06,Секретный договор о взаимном нейтралитете России и Германии («перестраховочный договор»; действовал до 1890)
1889-03-01,Вооруженное выступление политических ссыльных в Якутске («Якутская трагедия»)
1889-01-01,Закон об ограничении миграции населения
1889-01-01,«Карийская трагедия» (массовое самоубийство политических каторжан на Карийской Каторге)
1890-06-12,Положение о земских учреждениях (Земская контрреформа)
1891-03-17,Императорский рескрипт о начале строительства Великой Сибирской магистрали
1891-08-15,Заключение секретного русско-французского консультативного пакта
1891-01-01,Голод в 20 губерниях черноземной зоны
1891-01-01,Установление покровительственного общего таможенного тарифа; русско-германская таможенная война (1892 – 1894)
1892-06-11,Городская контрреформа: исключение приказчиков и мелких лавочников из числа избирателей
1892-08-05,Секретная русско-французская военная конвенция (основа русско-французского союза)
1893-07-08,Закон об ограничении земельных переделов в крестьянской общине
1893-12-14,Запрет на продажу и залог общинных земель и крестьянских наделов
1894-01-01,Заключение торгового договора с Германией выгодного для России
1894-01-01,Введение государственной винной монополии
1895-01-01,Русско-британский договор об установлении границы между Россией и Афганистаном на Памире по реке Пяндж
1896-05-22,Подписание в Москве русско-китайского договора об оборонительном союзе против Японии. Договор о постройке Китайско-Восточной железной дороги (КВЖД)
1897-01-01,Первая всеобщая перепись населения
1897-01-01,Денежная реформа С. Ю. Витте: введение золотого денежного обращения
1897-07-02,Закон об ограничении рабочего дня на фабриках 11.5 часами
1898-03-01,Образование Российской социал-демократической рабочей партии (РСДРП). 1-ый съезд РСДРП в Минске
1898-03-15,Русско-китайская конвенция об аренде Россией Ляодунского полуострова (с Порт-Артуром) сроком на 25 лет
1899-01-01,Закон о временно-заповедных имениях (поддержка дворянского землевладения)
1899-04-16,Русско-британская конвенция о размежевании сфер железнодорожного строительства в Китае
1899-06-06,Гаагская мирная конференция. По инициативе России приняты Конвенции о мирном разрешении международных споров о законах и обычаях сухопутной войны
1901-01-01,Создание профессиональных рабочих организаций действовавших под контролем охранных отделений полиции
1901-02-14,Покушение эсера П. В. Карповича на министра народного просвещения Н. П. Боголепова
1901-05-07,Столкновения рабочих Обуховского завода в Петербурге с полицией («Обуховская оборона»)
1902-03-26,Русско-китайское соглашение о поэтапном выводе русских войск из Манчжурии
1902-04-02,Убийство министра внутренних дел Д. С. Сипягина эсером С. В. Балмашевым
1902-06-23,Собрание представителей земств в Москве. Принятие программы умеренно-либеральных реформ
1902-07-01,Создание «Общества для продажи изделий русских металлургических изделий» («Продамет») одного из первых синдикатов
1902-11-01,Массовая стачка в Ростове-на-Дону
1902-01-01,Завершение строительства Транссибирской магистрали связавшей Европейскую Россию с Дальним Востоком
1903-02-26,Высочайший манифест о неприкосновенности общинного землевладения и праве на аренду крестьянами земельных участков за пределами общинных земель
1903-06-01,Введение ответственности предпринимателей за несчастные случаи с рабочими. Учреждение должности представителя рабочих на промышленных предприятиях
1903-08-01,Отставка С. Ю. Витте с поста министра финансов и назначение его председателем Кабинета министров
1904-01-02,Разрыв Японией дипломатических отношений с Россией
1904-01-26,Начало русско-японской войны. Гибель Крейсера «Варяг» и канонерской лодки «Кореец» в бухте Чемульно у берегов Кореи
1904-01-01,Создание «Союза освобождения» объединившего представителей либеральной оппозиции
1904-07-15,Убийство министра внутренних дел В. К. Плеве эсером Е. С. Созоновым
1904-12-12,Высочайший указ содержавший программу умеренных реформ
1904-12-20,Падение Порт-Артура
1905-01-03,Забастовка на Путиловских заводах в Петербурге
1905-01-09,«Кровавое воскресенье». Расстрел правительственными войсками демонстрации петербургских рабочих направлявшихся с петицией к императору. Начало первой революции в России
1905-01-01,Массовые политические выступления рабочих в различных районах страны
1905-02-04,Убийство великого князя Сергея Александровича эсером И. Каляевым
1905-02-18,Высочайший манифест с призывом к восстановлению порядка. Заявление о намерении правительства привлекать к разработке законов выборных народных представителей
1905-02-25,Поражение русских войск под Мукденом
1905-05-08,Учредительный съезд «Союза союзов» объединившего профессиональные организации либеральной интеллигенции
1905-05-14,Сражение в Цсусимском проливе. Разгром японским флотом второй Тихоокеанской эскадры под командованием З. П. Рождественского
1905-05-01,Создание в ходе забастовки в Иваново-Вознесенске первого рабочего Совета
1905-06-14,Мятеж на броненосце «Князь Потемкин Таврический» на Одесском рейде. Волнения в Одессе
1905-06-01,Крестьянские волнения в ряде регионов перешедшие в восстания
1905-08-06,Положение об образовании Государственной думы с совещательными правами
1905-08-23,Портсмутский мирный договор между Россией и Японией (заключен при посредничестве президента США Т. Рузвельта). Россия уступала Японии Порт-Артур и Южный Сахалин
1905-10-08,Забастовка железнодорожников переросшая во Всероссийскую политическую стачку
1905-10-17,Высочайший манифест о даровании гражданских свобод и придании Государственной думе законодательных полномочий
1905-10-19,Образование Совета министров во главе с С. Ю. Витте
1905-10-25,Восстание в Кронштадте
1905-10-01,Создание Союза русского народа (партия крайне правого толка)
1905-11-03,Высочайший манифест об уменьшении выкупных платежей крестьян
1905-11-10,Создание праволиберальной партии «Союз 17 октября» (октябристы)
1905-11-01,Мятеж на кораблях Черноморского флота и в Севастопольском гарнизоне
1905-11-21,Создание Московского совета
1905-12-08,Вооруженное восстание в Москве. Уличные бои в районе Пресни
1906-02-20,Высочайший указ о преобразовании Государственного совета в верхнюю палату работающую параллельно с Государственной думой
1906-03-04,Издание временных правил разрешающих создание политических союзов и профессиональных организаций
1906-04-16,Отставка С. Ю. Витте. Назначение председателем Совета министров И. Л. Горемыкина
1906-04-23,Издание «Основных государственных законов Российской империи» (определение полномочий Государственного совета и Государственной думы)
1906-04-27,Открытие заседаний 1-й Государственной думы
1906-05-05,Думский адрес императору с требованием введения конституционного правления
1906-06-01,Массовые крестьянские волнения
1906-07-08,Отставка И. Л. Горемыкина. Назначение министра внутренних дел П. А. Столыпина председателем Совета министров
1906-07-09,Роспуск 1-й Государственной думы
1906-07-10,Выборгское воззвание 182 депутатов Государственной думы. Призыв к населению не платить налогов и не отдавать солдат в армию до созыва новой Государственной думы
1906-08-12,Покушение на П. А. Столыпина
1906-08-19,Учреждение военно-полевых судов
1906-10-05,Предоставление крестьянам равных с другими сословиями прав в отношении государственной службы выбора местожительства; отмена телесных наказаний по приговорам волостных судов
1906-11-09,Высочайший указ предоставлявший крестьянам право свободного выхода из общины с принадлежащим им земельным наделом. Начало аграрной реформы П. А. Столыпина
1906-01-01,Завершение строительства нефтепровода Баку-Батум
1907-02-20,Открытие заседаний 2-й Государственной думы и новый избирательный закон
1907-08-18,Русско-английское соглашение о разделе сфер влияния в Иране Афганистане и других районах Азии. Окончательное оформление англо-русско-французского союза (Антанта)
1908-03-01,Создание в Петербурге Союза Михаила Архангела
1909-01-01,Основание Саратовского университета
1910-06-14,Принятие Государственной думой закона «Об изменении и дополнении некоторых установлений о крестьянском землевладении» (по инициативе П. А. Столыпина)
1910-06-21,Соглашение с Японией. Фактическое согласие России на аннексию Кореи Японией признание Внешней Монголии сферой интересов России
1910-01-01,Учреждение Русско-Азиатского банка
1911-09-01,Покушение Д. Багрова на П. А. Столыпина в Киеве (скончался 5 сентября 1911)
1911-09-11,Назначение В. Н. Коковцева председателем Совета министров
1912-04-04,Расстрел бастующих рабочих на Ленских приисках
1912-01-01,Усиление влияния Г. Е. Распутина при дворе («распутинщина»)
1912-06-25,Секретная русско-японская конвенция о разделе сфер влияния в Северо-Восточном Китае и Внутренней Монголии
1912-10-21,Соглашение с Монголией об автономии Внешней Монголии
1912-11-05,Открытие заседаний 4-й Государственной Думы
1913-01-01,Принятие «Большой военной программы» (по реорганизации и перевооружению армии к 1917)
1914-01-30,Отставка В. Н. Коковцева. Назначение председателем Совета министров И. Л. Горемыкина
1914-06-01,«Сараевский кризис» (после убийства наследника австро-венгерского престола Франца-Фердинанда)
1914-07-19,Объявление Германией войны России. Начало 1-й мировой войны
1914-07-24,Объявление Австро-Венгрией войны России
1914-08-03,Назначение великого князя Николая Николаевича Главнокомандующим русской армии
1914-10-20,Объявление Россией войны Турции
1914-11-01,Арест членов большевистской фракции в Государственной думе
1915-04-01,Отступление русских войск из Галиции (Горлицкий прорыв)
1915-05-25,Кяхтинский договор с Китаем и Монголией о невмешательства во внутренние дела последней
1915-07-10,Образование объединенного комитета Земского и Городского союзов (Земгор)
1915-07-01,Отступление русских войск из Царства Польского
1915-08-01,Оформление «Прогрессивного блока» в Государственной думе (вошли «прогрессивные» националисты октябристы кадеты «прогрессисты» и др.) Учреждение «Особых совещаний» при императоре
1915-08-26,Принятие Николаем II обязанностей Верховного главнокомандующего
1915-01-01,Эвакуация Варшавского университета в Ростов-на-Дону (с 1931 Ростовский университет)
1916-01-20,Отставка И. Л. Горемыкина. Назначение председателем Совета министров Б. В. Штюрмера
1916-02-03,Взятие русскими войсками Эрзерума
1916-04-05,Взятие русскими войсками Трапезунда
1916-10-10,Отставка Б. В. Штюрмера. Назначение председателем Совета министров А. Ф. Трепова
1916-12-17,Убийство Г. Е. Распутина
1916-12-27,Отставка А. Ф. Трепова. Назначение председателем Совета министров князя Н. Д. Голицына
1916-01-01,Открытие в Перми отделения Петроградского университета (с мая 1917 Пермский университет)
1917-02-01,Введение в Петрограде карточной системы распределения хлеба и других продуктов. Начало «хлебных беспорядков»
1917-02-18,Начало забастовки на Путиловском заводе в Петрограде. Объявление локаута (22 февраля)
1917-02-23,Массовые демонстрации в Петрограде в международный день женщин-пролетарок
1917-02-25,Всеобщая забастовка в Петрограде. Высочайший указ о роспуске 4-й Государственной думы. Отказ думы выполнить этот указ. Приказ Николая II о подавлении беспорядков в столице
1917-02-26,Расстрел демонстраций в Петрограде
1917-02-27,Массовый переход солдат Петроградского гарнизона на сторону демонстрантов. Захват Зимнего дворца. Образование членами «Прогрессивного блока» Временного комитета Государственной думы под председательством М. В. Родзянко. Образование представителями партий социалистической ориентации Петроградского совета рабочих депутатов (Петросовета) под председательством лидера меньшевистской фракции в Думе Н. С. Чхеидзе
1917-03-02,Образование Временным комитетом Государственной думы Временного правительства во главе с князем Г. Е. Львовым
1917-03-02,Отречение императора Николая II в пользу великого князя Михаила Александровича
1917-03-03,Отречение Михаила (до решения Учредительного собрания о форме государственного правления)
1917-03-08,Арест императорской семьи
1917-03-11,Назначение генерала М. В. Алексеева Верховным главнокомандующим
1917-03-12,Отмена смертной казни
1917-03-17,Признание Временным правительством права Польши на независимость
1917-03-20,Отмена национальных и вероисповедальных ограничений
1917-03-25,Введение государственной хлебной монополии
1917-04-03,Возвращение из эмиграции группы большевистских лидеров во главе с В. И. Лениным
1917-04-12,Закон о свободе собраний и союзов
1917-04-01,Политический кризис вызванный нотой министра иностранных дел П. Н. Милюкова (18 апреля) правительствам стран Антанты с подтверждением готовности России вести войну до победного конца. Массовые демонстрации в Петрограде. Отставка Милюкова (2 мая) и военного министра А. И. Гучкова
1917-05-05,Образование коалиционного Временного правительства с участием представителей Петросовета
1917-05-22,Отставка М. В. Алексеева и назначение А. А. Брусилова на пост верховного главнокомандующего
1917-06-10,Провозглашение Центральной Радой (образована в Киеве 4 марта) независимости Украины
1917-06-18,Начало неудачного наступления русских войск в Галиции
1917-07-07,Распоряжение временного правительства об аресте В. И. Ленина
1917-07-12,Восстановление смертной казни на фронте
1917-07-18,Смещение А. А. Брусилова и назначение Верховным главнокомандующим Л. Г. Корнилова
1917-08-21,Взятие Риги германскими войсками
1917-09-01,Образование Директории во главе с А. Ф. Керенским взявшей на себя управление страной до создания нового правительства. Провозглашение России республикой
1917-09-01,Завоевание большевиками большинства в Петроградском и Московском советах. Избрание большевиков В. П. Ногина и Л. Д. Троцкого председателями Московского и Петроградского советов
1917-10-10,Решение ЦК РСДРП(б) о вооруженном восстании (подтверждено 16 октября на расширенном заседании ЦК)
1917-10-12,Создание Военно-революционного комитета (ВРК) Петросовета в состав которого вошли большевики и левые эсеры
1917-10-22,Массовые митинги в Петрограде в поддержку Петросовета
1917-10-24,Решение ЦК РСДРП(б) о начале вооруженного восстания. Захват частями ВРК почты и телеграфа
1917-10-25,Отъезд А. Ф. Керенского в войска. Арест членов Временного правительства
1917-11-02,Принятие СНК «Декларации прав народов России»
1917-11-02,Создание генералом М. В. Алексеевым организации офицеров и юнкеров в Новочеркасске. Начало Белого движения
1917-11-03,Назначение Верховным главнокомандующим (Главковерхом) генерала Н. Н. Духонина
1917-11-08,Избрание председателем ВЦИК большевика Я. М. Свердлова (вместо Л. Б. Каменева). Нота СНК послам стран Антанты с предложением о заключении перемирия с Германией и ее союзниками
1917-11-09,Назначение Главковерхом прапорщика Н. В. Крыленко (после смещения генерала Н. Н. Духонина отказавшегося от переговоров с германским командованием)
1917-11-10,Декрет ВЦИК об упразднении сословий и гражданских чинов
1917-11-12,Начало выборов в Учредительное собрание (из 715 мест 370 получили эсеры 175 – большевики 40 – левые эсеры 15 меньшевики)
1917-11-17,Начало национализации промышленных предприятий
1917-11-28,Декрет СНК об объявлении кадетской партии партией «врагов народа» и аресте ее лидеров
1917-12-02,Создание Высшего совета народного хозяйства (ВСНХ)
1917-12-02,Заключение на переговорах в Бресте (начались 20 ноября) перемирия со странами германского блока
1917-12-03,Решение СНК о признании независимости Украины
1917-12-07,Создание Всероссийской чрезвычайной комиссии по борьбе с контрреволюцией и саботажем (ВЧК) во главе с Ф. Э. Дзержинским
1917-12-09,Создание правительственной коалиции большевиков и левых эсеров
1917-12-18,Решение СНК о признании независимости Финляндии
1917-12-27,Создание в Новочеркасске Добровольческой армии
1918-01-05,Открытие Учредительного собрания
1918-01-06,Разгон учредительного собрания после отказа принять требование большевиков об утверждении представленной ВЦИК «Декларации прав трудящегося и эксплуатируемого народа»
1918-01-15,Декрет СНК об организации Рабоче-Крестьянской Красной Армии (РККА)
1918-01-21,Аннулирование внешних и внутренних долгов государства
1918-02-01,Введение григорианского календаря
1918-02-18,Наступление германо-австрийских войск по всему фронту
1918-03-03,Подписание в Бресте мира с Германией и ее союзниками на германских условиях. Отторжение Польши Латвии Эстонии части Белоруссии признание независимости Украины вывод русских войск из Финляндии демобилизация армии
1918-03-04,Образование Высшего военного совета во главе с Л. Д. Троцким
1918-03-01,Высадка английского десанта в Мурманске
1918-03-12,Перенесение столицы РСФСР из Петрограда в Москву
1918-03-14,4-й Всероссийский съезд Советов. Ратификация Брестского мира. Выход левых эсеров из коалиции с большевиками
1918-04-01,Высадка японского десанта во Владивостоке и американского – в Мурманске
1918-04-08,Введение в Красной Армии института военных комиссаров
1918-05-09,Декрет ВЦИК о чрезвычайных мерах по борьбе с «кулачеством» укрывающим хлебные запасы. Начало политики «военного коммунизма»
1918-05-18,Затопление (по приказу В. И. Ленина) кораблей Черноморского флота
1918-05-01,Начало мятежа Чехословацкого корпуса состоявшего из военнопленных (по всей трассе Транссибирской магистрали)
1918-05-29,Декрет ВЦИК о принудительном призыве в Красную Армию
1918-06-08,Создание в Самаре эсеро-меньшевистского правительства – Комитета членов Учредительного собрания (Комуч)
1918-06-13,Образование Восточного фронта
1918-06-23,Создание в Омске эсеро-меньшевистского Временного сибирского правительства
1918-07-16,Убийство в Екатеринбурге (с санкции центра) Николая II и членов его семьи
1918-07-01,Наступление белых армий на Царицын
1918-08-01,Высадка войск Антанты в Архангельске
1918-11-13,Денонсация правительством РСФСР Брестского мира (после подписания перемирия между Германией и странами Антанты означавшего окончание 1-й мировой войны)
1918-11-18,Установление в Омске диктатуры адмирала А. В. Колчака провозгласившего себя верховным правителем России
1919-01-01,Соглашение генералов А. И. Деникина и П. Н. Краснова о создании Вооруженных Сил Юга России
1919-01-11,Декрет СНК о продразверстке
1919-03-01,Образование III (Коммунистического) Интернационала
1919-03-01,Начало наступления войск А. В. Колчака
1919-03-30,Избрание М. И. Калинина председателем ВЦИК (Я. М. Свердлов умер 16 марта)
1919-04-01,Начало контрнаступления Красной Армии против войск А. В. Колчака
1919-05-01,Наступление генерала Н. Н. Юденича на Петроград (отражено в конце июня)
1919-05-01,Начало наступления генерала А. И. Деникина в направлении Волги. Взятие Харькова (24 июня) Царицына (30 июня) Киева (31 августа)
1919-09-12,Начало наступления А. И. Деникина на Москву. Взятие Курска (20 сентября) и Орла (13 октября)
1919-10-01,Начало контрнаступления Красной Армии против войск А. И. Деникина. Взятие Курска (17 ноября) Харькова (12 декабря) Киева (16 декабря)
1919-11-14,Занятие Красной Армией Омска
1920-01-04,Передача А. В. Колчаком верховной власти А. И. Деникину
1920-02-02,Дерптский (Тартуский) мирный договор с Эстонией
1920-03-27,Передача А. И. Деникиным верховной власти П. Н. Врангелю
1920-04-06,Образование Дальневосточной республики (ДВР)
1920-05-07,Взятие Польскими войсками Киева
1920-05-26,Начало контрнаступления Красной Армии против польских войск. Взятие Житомира Киева (12 июня) Минска (11 июля)
1920-07-12,Мирный договор с Литвой. Признание прав Литвы на Вильно.
1920-08-11,Рижский мирный договор с Латвией
1920-08-01,Выход Красной Армии к Варшаве и Львову
1920-08-16,Переход польских войск в контрнаступление под Варшавой («Чудо на Висле»)
1920-10-14,Юрьевский (Тартуский) мирный договор с Финляндией
1920-12-28,Союзный договор с Украинской ССР
1921-01-01,Голод в Поволжье
1921-01-16,Союзный договор с Белорусской ССР
1921-01-01,Договоры о дружбе с Ираном (26 февраля) Афганистаном (28 февраля) Турцией (16 марта)
1921-03-18,Рижский мирный договор с Польшей. Закрепление за Польшей Западной Украины и Западной Белоруссии
1921-03-21,Декрет о замене продразверстки продналогом
1921-08-01,Постановление ЦК РКП(б) о невозможности пребывания на руководящих постах людей связанных с религией
1921-08-01,Вынесение смертного приговора группе представителей интеллигенции Петрограда (В. Н. Таганцев Н. С. Гумилев и др.) по обвинению в принадлежности к контрреволюционной боевой организации
1921-11-05,Договор о дружбе и сотрудничестве с Монгольской Народной Республикой
1922-02-06,Реорганизация ВЧК в Главное политическое управление (ГПУ; с 1923 - ОГПУ)
1922-02-01,Начало кампании по конфискации церковных имуществ сопровождавшейся массовыми репрессиями в отношении священнослужителей
1922-04-03,Избрание И. В. Сталина генеральным секретарем ЦК РКП(б). Оформление (в условиях болезни В. И. Ленина) «триумвирата» (И. В. Сталин Л. Б. Каменев Г. Е. Зиновьев) и начало его борьбы за власть с Л. Д. Троцким
1922-04-16,Рапалльский договор РСФСР с Германией
1922-09-29,29 сентября 1922 года отправился в плавание первый 'Философский пароход'
1922-09-01,Высылка из страны видных деятелей науки и культуры
1922-10-25,Взятие частями Красной Армии Владивостока
1922-11-15,Декрет ВЦИК об объединении ДВР с РСФСР
1922-12-30,1-й съезд Советов Союза Советских Социалистических Республик (СССР). Союзный договор между РСФСР Украинской ССР Белорусской ССР Закавказской Федерацией об образовании СССР. Избрание ЦИК СССР под председательством М. И. Калинина
1923-12-15,Публикация в «Правде» статьи И. В. Сталина о необходимости борьбы с «троцкизмом»
1924-01-21,Смерть В. И. Ленина
1924-02-01,Денежная реформа. Стабилизация денежной системы
1924-02-01,Установление дипломатических отношений с Великобританией и Италией. Начало дипломатического признания СССР
1924-04-07,Смерть патриарха Тихона
1924-09-23,Закон об обязательной военной службе
1924-01-01,Образование Туркменской ССР и Узбекской ССР. Их вхождение в состав СССР (по решению 3-го съезда Советов СССР)
1925-12-17,Договор о дружбе и нейтралитете с Турцией
1926-01-01,Формирование «объединенной оппозиции» во главе с Л. Д. Троцким Л. Б. Каменевым и Г. Е. Зиновьевым. Исключение лидеров оппозиции из руководящих органов партии
1926-04-24,Договор о ненападении и нейтралитете с Германией
1926-01-01,Договор о нейтралитете и взаимном ненападении с Афганистаном
1926-09-28,Договор о ненападении с Литвой
1926-12-17,Всесоюзная перепись населения. Численность населения СССР – 147 миллионов человек
1926-12-19,Пуск Волховской ГЭС им. В. И. Ленина
1927-10-01,Договор о гарантиях и нейтралитете с Ираном
1927-11-07,Выступление «объединенной оппозиции». Демонстрации сторонников оппозиции в Москве и Ленинграде
1928-09-30,Публикация в «Правде» статьи Н. И. Бухарина «Заметки экономиста». Начало открытой полемики между «правыми» и И. В. Сталиным
1928-10-06,Пуск нефтепровода Грозный-Туапсе
1928-11-01,Договор о дружбе и торговле с Йеменом
1929-01-01,Высылка Л. Д. Троцкого из СССР
1929-12-27,Заявление И. В. Сталина о начале «сплошной коллективизации»
1929-12-01,Преобразование Таджикской АССР (в составе РСФСР) в союзную республику и включение ее в СССР
1930-01-01,Постановление ЦК ВКП(б) «О темпах коллективизации и мерах помощи государства колхозному строительству» (поставлена задача ускорения коллективизации)
1930-01-30,Постановление ЦК ВКП(б) «О мероприятиях по ликвидации кулацких хозяйств в районах сплошной коллективизации» санкционировавшее конфискацию имущества массовую высылку на поселение в необжитые районы и другие репрессивные меры в отношении «кулаков»
1930-03-02,Публикация в «Правде» статьи И. В. Сталина «Головокружение от успехов» в которой осуждались «перегибы» в ходе коллективизации допускавшиеся якобы по вине местных властей
1930-03-14,Постановление ЦК ВКП(б) «О борьбе с искривлениями партлинии в колхозном движении» развивающее положения статьи И. В. Сталина «Головокружение от успехов»
1930-04-07,Расширение системы трудовых лагерей переданных в ведение Главного управления лагерей (ГУЛАГ)
1930-05-01,Завершение строительства Турксиба – железной дороги связавшей Сибирь и Среднюю Азию
1930-06-17,Вступление в строй Сталинградского тракторного завода
1930-07-01,Публикация сообщения о раскрытии «контрреволюционной» «Трудовой крестьянской партии» руководителями которой объявлены ученые-экономисты Н. Д. Кондратьев А. В. Чаянов
1930-08-14,Постановление ЦИК и СНК СССР о всеобщем бесплатном обязательном начальном образовании
1930-12-19,Отставка А. И. Рыкова. Назначение В. М. Молотова председателем СНК СССР
1931-01-01,Пуск Ростовского завода сельскохозяйственных машин («Ростсельмаш»)
1931-03-01,Начало судебного процесса по сфабрикованному делу т. н. «Союзного бюро меньшевиков»
1931-06-24,Советско-афганский договор о нейтралитете и взаимном ненападении (взамен договора от 31 августа 1926)
1932-01-21,Договор о ненападении с Финляндией
1932-01-01,Пуск Горьковского автомобильного завода (ГАЗ) и Магнитогорского металлургического комбината
1932-03-01,Пуск 1-го Государственного подшипникового завода в Москве (1-й ГПЗ)
1932-04-23,Постановление ЦК ВКП(б) «О перестройке литературно-художественных организаций» предусматривавшее роспуск всех существующих творческих организаций и создание «союзов» непосредственно подчиненных партийно-государственному руководству. Провозглашение «социалистического реализма» единственным творческим методом литературы и искусства
1932-04-01,Пуск Кузнецкого металлургического комбината
1932-06-01,Распространение т. н. «платформы Рютина» требующей отстранения от руководства И. В. Сталина (9 октября 1932 сторонники М. Н. Рютина в т. ч. Л. Б. Каменев и Г. Е. Зиновьев исключены из партии). Ссылка Рютина (в 1937 расстрелян)
1932-08-07,Принятие закона об охране социалистической собственности. Введение смертной казни за хищение колхозного и кооперативного имущества
1932-10-10,Пуск Днепровской гидроэлектростанции (Днепрогэс)
1932-12-31,Официальное объявление о досрочном выполнении заданий 1-го пятилетнего плана за 4 года и 3 месяца
1932-01-01,Введение паспортной системы отмененной после революции 1917
1932-01-01,Договоры о ненападении с Литвой (5 февраля) Польшей (5 июля) Францией (9 ноября)
1933-05-01,Ликвидация басмаческих отрядов в Средней Азии
1933-07-01,Пуск Челябинского тракторного завода (ЧТЗ) и Уральского машиностроительного завода в Свердловске (Уралмаш)
1933-09-02,Договор о дружбе ненападении и нейтралитете с Италией
1933-11-01,Пуск первой доменной печи Запорожского металлургического завода
1934-06-08,Закон об измене родине. Введение смертной казни и коллективной ответственности членов семьи
1934-07-10,Передача функций ОГПУ Наркомату внутренних дел (НКВД)
1934-09-18,Принятие СССР в Лигу Наций
1934-12-01,Убийство в Ленинграде секретаря ЦК и Ленинградского обкома и горкома ВКП(б) С. М. Кирова совершенное (по официальной версии) членом партии Л. Николаевым. Постановление Президиума ЦИК СССР о введении ускоренной процедуры следствия и суда
1934-12-18,Арест Л. Б. Каменева и Г. Е. Зиновьева. Избрание А. А. Жданова руководителем Ленинградской партийной организации
1935-03-23,Продажа прав на КВЖД Японии
1935-04-08,Распространение уголовной ответственности (вплоть до применения смертной казни) на детей старше 12 лет
1935-05-02,Договор с Францией о взаимной помощи предусматривающий консультации в случае угрозы нападения третьего государства на одну из сторон и оказание немедленной помощи стороне подвергшейся нападению
1935-05-15,Пуск первой очереди Московского метрополитена
1935-05-16,Договор с Чехословакией о взаимной помощи (статьи о взаимных обязательствах по оказанию помощи в случае агрессии третьего государства вступали в силу только при выполнении соответствующих обязательств Францией)
1935-06-01,«Кремлевское дело». Обвинение аппарата ЦИК СССР в подготовке покушения на И. В. Сталина
1935-06-09,Закон о введении смертной казни за бегство за границу
1935-07-07,Постановление СНК СССР о выдаче сельхозартелям актов на вечное пользование землей
1935-08-31,Рекорд донбасского шахтера А. Стаханова превысившего суточную норму угледобычи в 14 раз. Начало пропагандистской кампании по организации «стахановского движения» за увеличение производительности труда
1935-01-01,Отмена карточек на хлеб муку и крупу (январь) мясо жиры рыбу сахар картофель (октябрь)
1936-03-12,Договор о взаимопомощи с Монгольской Народной Республикой
1936-09-30,Отставка Г. Г. Ягоды с поста наркома внутренних дел. Назначение на этот пост Н. И. Ежова
1936-10-01,Оказание массированной помощи республиканской Испании; отправка советских добровольцев
1937-01-06,Всесоюзная перепись населения (результаты вскрывшие гигантские демографические потери не были опубликованы)
1937-03-17,Закон запрещавший крестьянам покидать колхоз без согласия администрации
1937-04-01,Официальное сообщение о выполнении 2-й пятилетки за 4 года и 3 месяца
1937-04-28,Постановление СНК СССР о третьем пятилетнем плане (1938 - 1942)
1937-06-11,Сообщение о вынесении смертного приговора высшим военачальникам (М. Н. Тухачевскому И. Э. Якиру и др.) обвиненным в шпионаже и измене родине
1937-07-15,Открытие канала Москва–Волга
1937-08-21,Договор о ненападении с Китаем
1938-01-01,Избрание М. Н. Калинина председателем Президиума ВС СССР
1938-03-01,Торговый договор с Германией
1938-03-15,Протест СССР в связи с аншлюсом (присоединением) Австрии к Германии
1938-09-01,Заявления правительства СССР о готовности выполнить свои обязательства по советско-чехословацкому договору (от 16 мая 1935) в связи с намерением Германии аннексировать Судетскую область Чехословакии
1938-10-01,Протест СССР в связи с аннексией Германией Судетской области (по Мюнхенскому соглашению Германии Италии Великобритании и Франции)
1938-10-01,Выход в свет книги «История ВКП(б). Краткий курс» закрепившей идеологические догмы сталинизма и содержавшей фальсифицированную версию истории компартии и страны в целом
1938-12-08,Отставка Н. И. Ежова. Назначение наркомом внутренних дел Л. П. Берия
1939-01-17,Всесоюзная перепись населения. По официальным данным численность населения СССР – 170.6 миллионов человек
1939-04-17,Советское предложение о заключении трехстороннего пакта о взаимопомощи между СССР Великобританией и Францией. Начало тройственных переговоров закончившихся безрезультатно
1939-05-03,Отставка М. М. Литвинова с поста наркома иностранных дел (с 1930). Назначение на этот пост председателя СНК В. М. Молотова
1939-08-01,Открытие в Москве Всесоюзной сельскохозяйственной выставки
1939-08-19,Торгово-кредитное соглашение с Германией
1939-08-23,Пакт о ненападении с Германией включающий секретный протокол о разделе сфер влияния в Восточной Европе
1939-09-01,Нападение Германии на Польшу. Начало 2-й мировой войны
1939-09-01,Принятие внеочередной сессией ВС СССР закона о всеобщей воинской повинности
1939-09-17,Вступление Красной Армии (в соответствии с секретным советско-германским протоколом от 23 августа 1939) в восточные районы Польши. Официальная цель – «предотвращение захвата Германией» Западной Украины и Западной Белоруссии
1939-09-28,Договор о дружбе и границе с Германией. Фактический раздел Польши. Установление западной границы СССР по рекам Буг и Нарев
1939-10-27,Передача Литве Вильно и Виленского края
1939-11-02,Вступление частей Красной Армии на территорию Финляндии. Начало советско-финляндской («зимней») войны
1939-12-14,Исключение СССР из Лиги Наций в связи с нападением СССР на Финляндию
1940-02-11,Торговый договор с Германией. Увеличение советских поставок в Германию
1940-03-12,Мирный договор с Финляндией. Окончание советско-финляндской войны. Передача Советскому Союзу Карельского перешейка и Выборга сдача в аренду военной базы на полуострове Ханко
1940-03-31,Преобразование Карельской АССР входившей в состав РСФСР в Карело-Финскую ССР
1940-05-07,Введение уголовного наказания за прогулы и опоздания на работу
1940-07-21,Провозглашение Латвии Литвы и Эстонии советскими республиками
1940-08-02,Образование Молдавской ССР (путем присоединения к Молдавской АССР входившей в состав Украинской ССР большей части Бесарабии)
1941-02-03,Образование Наркомата государственной безопасности (НКГБ)
1941-04-05,Договор о дружбе и ненападении с Югославией (за день до вторжения в Югославию германских войск)
1941-04-13,Пакт о ненападении с Японией
1941-05-06,Назначение И. В. Сталина председателем СНК СССР (В. М. Молотов стал заместителем председателя СНК)
1941-06-14,Заявление ТАСС о беспочвенности слухов о возможности войны между СССР и Германией
1941-06-22,Нападение Германии и ее союзников на СССР. Начало Великой Отечественной войны народов СССР
1941-06-23,Образование Ставки Главного Командования Вооруженными Силами СССР во главе с наркомом обороны С. К. Тимошенко (с 10 июля – Ставка Верховного Командования)
1941-06-24,Создание Совета по эвакуации
1941-06-29,Директива СНК СССР и ЦК ВКП(б) о мобилизации всех сил и средств на отпор немецко-фашистским захватчикам
1941-06-30,Образование Государственного Комитета Обороны (ГКО) во главе с И. В. Сталиным. Начало формирования народного ополчения
1941-07-01,Директивы о развертывании партизанского движения в тылу немецких войск
1941-07-10,Начало обороны Ленинграда
1941-07-12,Соглашение с Великобританией о совместных действиях в войне с Германией
1941-07-16,Введение в Красной Армии (с 20 июля – на Военно-Морском флоте) института военных комиссаров
1941-07-18,Соглашение с правительством Чехословакии (в изгнании) о совместной борьбе против Германии и создании на территории СССР чехословацких военных формирований
1941-07-19,Назначение И. В. Сталина наркомом обороны
1941-07-30,Соглашение с правительством Польши (в изгнании) о взаимной помощи в войне с Германией и создании на территории СССР польских военных формирований
1941-08-01,Наступление германских войск на северном (на Ленинград) центральном (на Москву) и юго-восточном (на Донбасс и Крым) направлениях
1941-08-08,Преобразование Ставки Верховного Командования в Ставку Верховного Главнокомандования (СВГК). Назначение И. В. Сталина Верховным Главнокомандующим. Первый налет авиации Балтийского флота на Берлин
1941-08-16,Приказ наркома обороны № 270. Объявление сдавшихся в плен командиров и политработников «злостными дезертирами»
1941-08-25,Вступление советских и британских войск в Иран (с последующим разделением его территории на две оккупационные зоны)
1941-08-28,Указ Президиума ВС СССР о депортации немцев Поволжья
1941-09-08,Начало блокады Ленинграда
1941-09-18,Создание Советской гвардии
1941-09-24,Присоединение СССР к Атлантической хартии правительств Великобритании и США провозглашавшей основные принципы ведения войны против Германии и послевоенного устройства мира
1941-09-30,Начало битвы за Москву
1941-10-07,Окружение германскими войсками шести армий Западного Резервного (в районе Вязьмы) и Брянского (в районе Брянска) фронтов
1941-11-07,Парад советских войск на Красной пощади в Москве
1941-11-07,Решение президента США о поставках Советскому Союзу военных материалов по ленд-лизу
1942-01-01,Подписание в Вашингтоне Декларации Объединенных Наций (26 государств)
1942-09-29,Договор с Великобританией и Ираном о союзе в войне с Германией
1942-02-13,Мобилизация трудоспособного городского населения для работы на строительстве и в промышленности
1942-05-26,Договор с Великобританией о союзе в войне против Германии и ее сообщников в Европе и о сотрудничестве и взаимной помощи после войны
1942-05-30,Создание Центрального штаба партизанского движения при СВГК
1942-06-11,Соглашение с США о принципах применимых к взаимной помощи и ведении войны против агрессии
1942-06-12,Советско-британское и советско-американское коммюнике об открытии второго фронта в Европе (в 1942)
1942-07-28,Приказ наркома обороны № 227 «Ни шагу назад» о создании заградительных отрядов в тылу советских войск штрафных рот и батальонов
1942-08-26,Назначение Г. К. Жукова заместителем Верховного Главнокомандующего
1942-10-01,Упразднение института военных комиссаров
1943-02-01,Освобождение Воронежа Курска Ростова-на-Дону
1943-02-06,Пуск Челябинского металлургического комбината
1943-05-15,Роспуск Коминтерна
1943-07-12,Танковое сражение в районе деревни Прохоровка – крупнейшее во 2-й мировой войне
1943-08-23,Освобождение Харькова
1943-09-01,Освобождение Новороссийска и Смоленска
1943-11-26,Освобождение Гомеля
1943-12-12,Договор о дружбе взаимопомощи и послевоенном сотрудничестве с Чехословакией
1943-12-01,Избрание патриархом Московским и всея Руси местоблюстителя патриаршего престола митрополита Московского и Коломенского Сергия (умер 15 мая 1944)
1944-03-26,Выход советских войск к государственной границе СССР и Румынии
1944-04-08,Выход советских войск к государственной границе СССР и Чехословакии
1944-04-10,Освобождение Одессы
1944-05-09,Освобождение Севастополя
1944-07-17,Вступление советских войск на территорию Польши
1944-08-24,Освобождение Кишинева
1944-08-31,Вступление советских войск в столицу Румынии Бухарест
1944-09-04,Выход Финляндии из войны против СССР
1944-09-08,Вступление советских войск в Болгарию
1944-09-12,Соглашение СССР Великобритании и США с Румынией о перемирии
1944-09-15,Вступление советских войск в столицу Болгарии Софию
1944-09-19,Соглашение СССР и Великобритании с Финляндией о перемирии
1944-09-22,Освобождение Таллина
1944-09-23,Вступление советских войск в Венгрию
1944-10-01,Вхождение Тувинской Народной Республики в СССР. Образование Тувинской автономной области в составе РСФСР
1944-10-13,Освобождение Риги
1944-10-01,Восстановление западной государственной границы СССР
1944-10-22,Выход советских войск к государственной границе СССР и Норвегии
1944-10-28,Соглашение СССР Великобритании и США с Болгарией о перемирии
1944-12-10,Договор о союзе и взаимопомощи с Францией
1945-01-17,Освобождение советскими войсками (совместно с 1-й армией Войска Польского) столицы Польши Варшавы
1945-01-20,Подписание соглашения СССР Великобритании и США с Венгрией о перемирии
1945-02-13,Освобождение советскими войсками столицы Венгрии Будапешта
1945-04-04,Освобождение советскими войсками столицы Словакии Братиславы
1945-04-05,Денонсация правительством СССР пакта о ненападении с Японией (1941)
1945-04-09,Взятие советскими войсками центра Восточной Пруссии Кенигсберга
1945-04-11,Договор о дружбе взаимной помощи и послевоенном сотрудничестве с Югославией
1945-04-13,Освобождение советскими войсками столицы Австрии Вены
1945-04-21,Договор о дружбе взаимной помощи и послевоенном сотрудничестве с Польшей
1945-04-30,Водружение знамени Победы над рейхстагом в Берлине
1945-05-02,Капитуляция германских войск в Берлине
1945-05-08,Подписание акта о безоговорочной капитуляции германских вооруженных сил
1945-05-09,День Победы
1945-05-09,Освобождение советскими войсками (совместно с пражскими повстанцами) столицы Чехословакии Праги
1945-06-05,Подписание представителями СССР Великобритании США и Франции декларации о поражении Германии и принятии этими государствами верховной власти в отношении Германии
1945-06-29,Договор с Чехословакией о вхождении Закарпатской Украины (Прикарпатской Рутении) в СССР
1945-08-08,Объявление войны Японии
1945-08-09,Начало наступления советских войск в Манчжурии Северной Корее на Южном Сахалине и Курильских островах
1945-08-14,Договор о дружбе и союзе с Китаем
1945-09-04,Упразднение Государственного Комитета Обороны
1945-10-24,Создание ООН (среди членов-учредителей – СССР Украинская ССР Белорусская ССР)
1946-02-25,Переименование Красной Армии в Советскую Армию
1946-02-27,Договор о дружбе и взаимопомощи с МНР
1946-03-15,Преобразование СНК СССР в Совет Министров (СМ) СССР
1946-03-18,Принятие ВС СССР закона о пятилетнем плане восстановления и развития народного хозяйства СССР (на 1946 – 1950)
1946-03-19,Отставка М. И. Калинина. Избрание председателем Президиума ВС СССР Н. М. Шверника
1946-07-01,Пуск газопровода Саратов – Москва. Открытие навигации на восстановленном Беломорско-Балтийском канале
1946-08-14,Постановление ЦК ВКП(б) о журналах «Звезда» и «Ленинград». Ужесточение идеологического контроля над литературой и искусством
1946-01-01,Пуск восстановленных Днепродзержинского азотно-тукового Макеевского труболитейного Рижского электромашиностроительного Минского станкостроительного заводов
1947-02-10,Подписание в Париже мирных договоров с Италией Румынией Болгарией Венгрией Финляндией. Признание Румынией и Финляндией новых границ с СССР
1947-05-26,Отмена смертной казни
1847-06-04,Введение уголовной ответственности (от 5 до 25 лет лагерей) за «посягательство на государственную или колхозную собственность»
1947-12-14,Постановление СМ СССР и ЦК ВКП(б) «О проведении денежной реформы и отмене карточек на продовольственные и промышленные товары»
1948-01-01,Договоры о дружбе сотрудничестве и взаимной помощи с Румынией (4 февраля) Венгрией (18 февраля) Болгарией (18 марта) Финляндией (6 апреля)
1948-06-01,Кризис в советско-югославских отношениях
1948-08-01,Сессия Всесоюзной академии сельскохозяйственных наук им. В. И. Ленина (ВАСХНИЛ). Разгром генетики
1948-01-01,Разработка «Сталинского плана преобразования природы» предусматривающего создание сети искусственных морей строительство гигантских гидроэлектростанций насаждение лесозащитных полос
1948-10-10,Запуск первой советской управляемой баллистической ракеты Р-1
1948-01-01,Восстание заключенных Печорских лагерей
1949-01-01,Начало кампании по «борьбе с космополитизмом»
1949-03-01,Смещение В. М. Молотова с поста министра иностранных дел. Замена его А. Я. Вышинским
1949-08-29,Первое испытание атомной бомбы в СССР
1949-09-08,Денонсация договора о дружбе взаимной помощи и послевоенном сотрудничестве с Югославией
1950-02-14,Восстановление смертной казни для «шпионов изменников и диверсантов»
1950-05-01,Начало кампании по укрупнению колхозов
1950-06-25,Начало войны в Корее. Оказание материальной военной и кадровой поддержки Корейской Народно-Демократической Республике
1950-09-01,Судебный процесс по сфабрикованному «Ленинградскому делу». Вынесение смертных приговоров Н. А. Вознесенскому А. А. Кузнецову и др.
1952-07-27,Открытие Волго-Донского судоходного канала имени В. И. Ленина
1953-01-13,Официальное сообщение о «деле кремлевских врачей» необоснованно обвиненных в убийстве и попытках убийства видных политических деятелей
1953-03-05,Смерть И. В. Сталина
1953-03-06,Назначение Г. М. Маленкова председателем СМ СССР избрание К. Е. Ворошилова председателем Президиума ВС СССР
1953-03-14,Оформление нового состава Секретариата ЦК КПСС (руководство работой секретариата поручено Н. С. Хрущеву)
1953-04-06,Официальное сообщение о прекращении «дела врачей» как сфальсифицированного. Начало политической «оттепели»
1953-06-26,Арест Л. П. Берия
1953-06-27,Подписание соглашения о перемирия в Корее
1953-08-08,Заявление Г. М. Маленкова (на сессии ВС СССР) о снижении сельхозналога и других реформах в сельском хозяйстве а так же об ориентации на развитие легкой промышленности
1953-08-20,Официальное сообщение о произведенном в СССР испытании водородной бомбы
1953-09-01,Пленум ЦК КПСС. Принятие постановления «О мерах дальнейшего развития сельского хозяйства СССР» фактически констатировавшего его кризисное состояние. Избрание Н. С. Хрущева первым секретарем ЦК КПСС
1953-12-23,Расстрел (по приговору закрытого суда) Л. П. Берия и ряда других бывших руководителей МГБ – МВД обвиненных в измене родине заговоре и шпионаже
1954-02-19,Передача по инициативе Н. С. Хрущева Крыма из состава РСФСР в состав Украинской ССР (приурочена к 300-летию присоединения Украины к России)
1954-03-02,Постановление пленума ЦК КПСС об освоении целинных и залежных земель в Алтайском крае и Казахской ССР
1954-03-13,Образование Комитета Государственной Безопасности (КГБ)
1954-06-27,Ввод в действие в СССР первой в мире промышленной атомной электростанции (АЭС) в городе Обнинск Калужской области
1954-07-07,Постановление ЦК КПСС об усилении атеистической пропаганды. Начало нового наступления на религию и религиозные организации
1954-09-01,Первые военные учения в условиях применения ядерного оружия
1955-01-25,Указ президиума ВС СССР «О прекращении состояния войны между Советским Союзом и Германией»
1955-02-08,Отставка Г. М. Маленкова с поста председателя СМ СССР. Назначение на этот пост Н. А. Булганина
1955-03-01,Начало новой кампании по укрупнению колхозов и реорганизации их в совхозы
1955-05-14,Подписание в Варшаве Договора о дружбе сотрудничестве и взаимной помощи между Албанией Болгарией Венгрией ГДР Польшей Румынией СССР и Чехословакией. Создание Организации Варшавского Договора (ОВД) противостоящей НАТО
1955-05-15,Подписание в Вене СССР Великобританией США и Францией Государственного договора с Австрией
1955-09-20,Договор о дружбе и сотрудничестве с ГДР
1955-11-30,Начало первой советской Антарктической экспедиции
1955-01-01,Открытие алмазного месторождения «Мир» в Якутии
1956-01-26,Протокол о передаче СССР Финляндии территории Порккала-Удд
1956-02-25,Выступление Н. С. Хрущева на закрытом заседании 20-го съезда КПСС с докладом «О культе личности и его последствиях»
1956-03-02,Разгон демонстрации молодежи в Тбилиси под сталинскими лозунгами
1956-03-17,Роспуск Информационного бюро коммунистических и рабочих партий (Коминформа)
1956-05-24,Заявление Н. С. Хрущева о сокращении армии на 1.2 миллиона человек
1956-06-06,Отмена платы за обучение в старших классах средней школы в средних специальных и высших учебных заведениях
1956-06-14,Закон о государственных пенсиях; существенное повышение их размера
1956-06-16,Преобразование Карело-Финской ССР в Карельскую АССР в составе РСФСР
1956-06-30,Постановление ЦК КПСС «О преодолении культа личности и его последствий»
1956-09-08,Повышение зарплаты низкооплачиваемым рабочим и служащим
1956-09-19,Начало регулярных рейсов первого советского реактивного пассажирского самолета Ту-104
1956-10-19,Советско-японская декларация о прекращении состояния войны. Установление дипломатических отношений между двумя странами
1956-10-30,Декларация об отказе от вмешательства в дела других социалистических стран
1956-11-05,Заявление правительства СССР с требованием прекратить вооруженное вторжение Великобритании Франции и Израиля в Египет
1957-01-09,Реабилитация репрессированных во время Великой Отечественной войны народов (кроме немцев Поволжья)
1957-04-01,Прекращение принудительной подписки на государственные займы. Введение 20-летнего моратория на выплату государственного долга по ранее выпущенным займам
1957-05-01,Переход к территориальной системе управления хозяйством. Введение совнархозов
1957-07-31,Постановление ЦК КПСС и СМ СССР о развитии массового жилищного строительства
1957-08-31,Запуск в СССР первой в мире межконтинентальной баллистической ракеты
1957-09-01,Авария на ядерном комплексе в Кыштыме (Южный Урал). Широкомасштабное радиоактивное заражение территории
1957-10-04,Запуск в СССР первого в мире искусственного спутника Земли
1957-10-14,Вступление в строй Волжской (Куйбышевской) ГЭС
1957-11-01,Заявление Н. С. Хрущева о «полной и окончательной победе социализма» в СССР
1957-12-05,Спуск на воду атомного ледокола «Ленин»
1957-01-01,Аресты членов молодежных студенческих групп выступавших за отход от догматических установок в марксистской теории и общественной практике
1958-03-27,Отставка Н. А. Булганина. Назначение Н. С. Хрущева председателем СМ СССР
1958-04-01,Начало перевода рабочих и служащих тяжелой промышленности на 6- и 7-часовой рабочий день
1958-12-01,Введение обязательного среднего политехнического образования
1959-01-02,Запуск первой автоматической межпланетной станции «Луна-1»
1959-10-07,Облет Луны и фотографирование ее оборотной стороны автоматической межпланетной станцией «Луна-3»
1959-12-01,Утверждение пленумом ЦК КПСС программы строительства на селе жилых домов городского типа ликвидации «неперспективных» деревень сокращения голов скота на личных подворьях
1960-04-01,Начало острой полемики между руководством КПСС и компартией Китая
1960-05-07,Отставка К. Е. Ворошилова. Избрание председателем Президиума ВС СССР Л. И. Брежнева
1960-05-01,Закон о переводе всех рабочих и служащих на 6- и 7- часовой рабочий день
1960-08-01,Отзыв советских специалистов из Китая
1961-04-12,Первый в мире полет в космос Ю. А. Гагарина на космическом корабле-спутнике «Восток»
1961-05-04,Указ Президиума ВС СССР об усилении борьбы с «тунеядством»
1961-05-05,Введение смертной казни за экономические преступления (хищение государственного имущества)
1961-07-01,Введение смертной казни за валютные преступления
1961-08-13,Начало возведения Берлинской стены разделившей восточную и западную части города
1962-02-22,Введение смертной казни за взяточничество в особо крупных размерах
1962-05-27,Повышение розничных цен на мясомолочные продукты
1962-06-01,Волнения и забастовки в городах связанные с повышением цен. Расстрел рабочих в Новочеркасске
1962-07-12,Узаконение практики привлечения горожан на сельскохозяйственные работы
1962-10-01,Карибский кризис вызванный размещением советских ракет на Кубе (с августа 1962). Демонтаж и вывоз ракет
1963-08-05,Подписание представителями СССР Великобритании и США Московского договора о запрещении испытания ядерного оружия в атмосфере под водой и в космическом пространстве
1964-07-13,Отставка Л. И. Брежнева с поста председателя Президиума ВС СССР (в связи с избранием секретарем ЦК КПСС). Избрание на этот пост А. И. Микояна
1964-08-29,Реабилитация немцев Поволжья
1964-10-01,Антихрущевский заговор. Смещение (14 октября) Н. С. Хрущева с постов первого секретаря ЦК КПСС и председателя СМ СССР. Избрание на эти посты (соответственно) Л. И. Брежнева и А. Н. Косыгина
1964-10-01,Вступление в строй нефтепровода «Дружба» для поставки газа из СССР в европейские страны
1964-01-01,Отмена актов о судебном преследовании верующих
1965-03-18,Первый в истории выход космонавта А. А. Леонова в открытый космос
1965-04-01,Начало поставки во Вьетнам ракет «земля – воздух» для отражения налетов авиации США
1965-12-05,Несанкционированная демонстрация на Пушкинской площади в Москве в связи с арестом (в сентябре) писателей А. Синявского и Ю. Даниэля
1965-12-09,Отставка А. И. Микояна. Избрание председателем Президиума ВС СССР Н. В. Подгорного
1966-02-16,Первая мягкая посадка на Луну автоматической станции «Луна-9» передача на Землю фотопанорамы лунной поверхности
1966-03-01,Достижение автоматической станцией «Венера-3» поверхности Венеры
1966-03-31,Запуск автоматической станции «Луна-10» ставшей первым искусственным спутником Луны
1966-06-01,Введение ежемесячной зарплаты в колхозах
1966-08-01,Резкое обострение советско-китайских отношений в связи с началом «культурной революции» в Китае
1966-10-01,Введение в уголовный кодекс положения об уголовной ответственности за «распространение заведомо ложных измышлений порочащих советский государственный и общественный строй»
1967-01-27,Одновременное подписание в Москве Вашингтоне и Лондоне представителями СССР США и Великобритании договора о принципах деятельности государств по исследованию и использованию космического пространства (договор о мирном использовании космоса)
1967-03-14,Переход на пятидневную рабочую неделю с двумя выходными днями
1967-09-07,Реабилитация Крымских татар (после многотысячной демонстрации в Ташкенте 2 сентября)
1967-09-01,Пуск на полную мощность Братской ГЭС
1967-10-01,Ввод в действие трансконтинентального газопровода Средняя Азия – Центр
1967-11-01,Пуск первой очереди телецентра «Останкино»
1968-04-01,Выпуск первого номера «самиздатской» «Хроники текущих событий информирующей о нарушении прав человека в СССР»
1968-07-01,Подписание в Москве Вашингтоне и Лондоне закона о нераспространении ядерного оружия
1968-08-21,Ввод войск СССР Болгарии Венгрии ГДР Польши в Чехословакию для подавления попыток чехословацкого руководства либерализовать социалистическую систему
1968-08-25,Демонстрация на Красной площади в Москве группы диссидентов протестовавших против ввода войск стран-участниц Варшавского договора в Чехословакию. Арест демонстрантов (осуждены в октябре на различные сроки заключения)
1968-08-26,Подписание соглашений о «нормализации отношений» между руководством СССР и руководством Чехословакии А. Дубчеком и Л. Свободой насильственно доставленными в Москву
1969-01-01,Вооруженные конфликты на советско-китайской границе в районе острова Даманский (март) Тасты (июнь) у озера Жаланашколь (август)
1969-11-17,Начало советско-американских переговоров об ограничении вооружений
1970-01-15,Всесоюзная перепись населения. Численность населения СССР – 241.7 миллиона человек
1970-01-20,Официальное сообщение о создании Единой энергетической системы Европейской части СССР
1970-08-12,Договор с ФРГ. Отказ от применения силы. Признание западной границы Польши по Одеру – Нейсе
1970-11-01,Создание в Москве несанкционированного властями Комитета прав человека в СССР
1971-02-11,Подписание в Москве Вашингтоне и Лондоне договора о запрещении размещения ядерного оружия на морском дне
1971-09-03,Четырехстороннее соглашение между СССР Великобританией США и Францией по Западному Берлину
1971-09-11,Смерть Н. С. Хрущева
1971-01-01,Договоры о дружбе и сотрудничестве с Египтом (27 мая) Индией (9 августа)
1971-01-01,Пуск Волжского автомобильного завода в Тольятти
1972-01-01,Судебный процесс по делу диссидента В. Буковского. Приговорен к 7 годам заключения и 5 годам ссылки
1972-04-09,Договор о дружбе и сотрудничестве с Ираком
1972-04-10,Подписание в Москве Вашингтоне и Лондоне конвенции о запрещении бактериологического оружия
1972-05-26,Договор с США об ограничении систем противоракетной обороны. Временное соглашение об ограничении стратегических наступательных вооружений (ОСВ-1)
1972-07-03,Пуск Красноярской ГЭС
1974-04-01,Возобновление строительства Байкало-Амурской магистрали (БАМ)
1974-07-11,Договор о дружбе и сотрудничестве с Сомали
1974-10-30,Объявление Инициативной группой защиты прав человека 30 октября Днем советских политзаключенных
1975-05-01,Пуск первого участка БАМа
1975-07-01,Совместный космический эксперимент СССР и США по программе «Союз-Аполлон»
1975-07-30,Подписание в Хельсинки представителями 33 европейских государств США и Канады Заключительного акта совещания по безопасности и сотрудничеству в Европе. Признание послевоенных границ
1976-01-01,Пуск Камского автомобильного завода в Набережных Челнах
1976-03-15,Денонсация Египтом договора с СССР (от 27 мая 1971)
1976-05-01,Создание правозащитниками инициативной Группы по наблюдению за выполнением Хельсинских соглашений
1976-05-28,Договор с США о подземных ядерных испытаниях в мирных целях
1976-10-08,Договор о дружбе и сотрудничестве с Анголой
1977-03-31,Договор о дружбе и сотрудничестве с Мозамбиком
1977-06-16,Отставка Н. В. Подгорного. Избрание Л. И. Брежнева председателем Президиума ВС СССР
1977-10-07,Принятие новой Конституции СССР (в ее текст включены положения об общенародном характере государства и о направляющей роли КПСС в жизни страны; статья № 6)
1977-11-13,Денонсация Сомали договора с СССР (от 11 июля 1974)
1978-01-01,Договоры о дружбе и сотрудничестве с Социалистической Республикой Вьетнам (3 ноября) Эфиопией (8 ноября) Афганистаном (5 декабря)
1979-01-17,Всесоюзная перепись населения. Численность населения СССР – 262.4 миллиона человек
1979-06-18,Договор с США об ограничении стратегических наступательных вооружений (ОСВ-2)
1979-10-25,Договор о дружбе и сотрудничестве с Народной Демократической республикой Йемен
1980-10-08,Договор о дружбе и сотрудничестве с Сирией
1980-10-23,Отставка А. Н. Косыгина (умер 18 декабря 1980). Назначение Н. А. Тихонова председателем СМ СССР
1980-01-01,Олимпийские игры в Москве
1982-11-10,Смерть Л. И. Брежнева
1982-11-12,Избрание Ю. В. Андропова генеральным секретарем ЦК КПСС
1983-01-01,Создание по инициативе Ю. А. Андропова комиссии М. С. Горбачева – Н. И. Рыжкова для подготовки экономической реформы
1983-06-16,Избрание Ю. В. Андропова председателем Президиума ВС СССР
1983-06-17,Закон «О трудовых коллективах и повышении их роли в управлении предприятиями»
1983-11-24,Заявление Ю. В. Андропова об отказе СССР от переговоров об ограничении и сокращении стратегических вооружений в Европе и намерении разместить в странах Варшавского договора новые ракеты среднего радиуса действия. Кризис в советско-американских отношениях
1984-02-09,Смерть Ю. В. Андропова
1984-02-10,Избрание К. У. Черненко генеральным секретарем ЦК КПСС (11 апреля избран председателем Президиума ВС СССР)
1984-10-09,Договор о дружбе и сотрудничестве с Йеменской Арабской Республикой
1985-03-10,Смерть К. У. Черненко
1985-03-11,Избрание М. С. Горбачева генеральным секретарем ЦК КПСС
1985-04-23,Пленум ЦК КПСС. Курс на «ускорение экономического развития». Начало «перестройки»
1985-05-17,Начало антиалкогольной кампании
1985-07-02,Избрание А. А. Громыко председателем Президиума ВС СССР
1985-09-27,Отставка Н. А. Тихонова. Назначение Н. И. Рыжкова председателем СМ СССР
1986-04-26,Катастрофа на Чернобыльской АЭС
1986-05-15,Постановление ЦК КПСС и СМ СССР «О мерах по усилению борьбы с нетрудовыми доходами». Начало кампании против индивидуальной трудовой деятельности
1986-08-28,Постановление СМ СССР о либерализации въезда и выезда из СССР
1986-11-19,Закон об индивидуальной трудовой деятельности. Начало предпринимательства
1986-01-01,Ослабление цензуры. Публикация ранее запрещенных произведений
1987-01-13,Постановление СМ СССР о создании совместных с зарубежными фирмами предприятий
1987-02-05,Постановление СМ СССР о создании кооперативов общественного питания бытового обслуживания производства товаров народного потребления
1987-05-28,Приземление в Москве на Васильевском спуске около Кремля спортивного самолета управляемого пилотом из ФРГ. Отставки в Министерстве Обороны
1987-06-30,Закон о государственном предприятии. Создание советов трудовых коллективов введение выборности руководителей
1987-06-01,Демонстрация крымских татар на Красной площади в Москве с требованием восстановления автономной республики
1987-08-23,Массовые демонстрации в Латвии Литве и Эстонии в связи с 48-й годовщиной пакта Молотова-Риббентопа
1987-10-21,Пленум ЦК КПСС. Выступление первого секретаря МГК кандидата в члены политбюро ЦК КПСС Б. Н. Ельцина с критикой руководства партией
1987-12-08,Договор с США о ликвидации ракет средней и меньшей дальности
1987-01-01,Возникновение «неформальных» движений под флагом защиты «перестройки»
1988-02-01,Начало армяно-азербайджанского конфликта в Нагорном Карабахе. Армянский погром в Сумгаите
1988-05-01,Создание в Москве Демократического союза – первой оппозиционной партии
1988-10-01,Отставка А. А. Громыко. Избрание М. С. Горбачева председателем Президиума ВС СССР
1988-11-26,Провозглашение суверенитета Эстонии
1988-12-01,Внесение изменений в Конституцию СССР учреждение Съезда народных депутатов и должности председателя Верховного Совета избираемого съездом
1988-01-01,Создание Народных фронтов в защиту «перестройки»
1989-01-12,Всесоюзная перепись населения. Численность населения СССР – 286.7 миллиона человек
1989-03-26,1-й тур выборов народных депутатов СССР. Успех сторонников реформ
1989-04-09,Вооруженное подавление массовой демонстрации в Тбилиси с требованием независимости Грузии
1989-04-25,Пленум ЦК КПСС. Отставка 110 членов и кандидатов в члены ЦК
1989-05-21,Массовый митинг в Москве сторонников демократических реформ
1989-05-01,Провозглашение Литвой и Арменией суверенитета
1989-06-01,Межнациональные столкновения в Узене (Казахстан) и Фергане (Узбекистан)
1989-07-01,Начало вооруженных конфликтов в Абхазии
1989-07-01,Массовые забастовки шахтеров
1989-07-28,Провозглашение Латвией суверенитета
1989-08-15,Создание на базе бывшего Министерства газовой промышленности государственного концерна «Газпром»
1989-09-23,Провозглашение Азербайджаном суверенитета
1989-10-09,Закон о трудовых конфликтах признающий право на забастовку
1989-10-27,Принятие поправок к Конституции РСФСР (учреждение Съезда народных депутатов РСФСР)
1989-12-01,Оформление движения «Демократический выбор»
1989-12-13,Образование Либерально-демократической партии России (лидер В. В. Жириновский)
1990-01-01,Армянские погромы в Баку. Ввод в Баку войск МВД СССР. Обострение армяно-азербайджанского конфликта после фактического отстранения от власти коммунистического руководства
1990-01-01,Создание избирательного блока «Демократическая Россия»
1990-01-01,Соглашения с Чехословакией и Венгрией и выводе советских войск из этих стран
1990-02-04,Митинг в Москве с требованием отмены монополии КПСС на власть
1990-02-01,Ликвидация военной организации Варшавского договора
1990-03-02,Образование группы Демократическая платформа КПСС
1990-03-11,Провозглашение Литвой независимости (под давлением Центра акция приостановлена 29 июня)
1990-03-30,Провозглашение Эстонией независимости (при сохранении связей с Центром)
1990-05-14,Провозглашение Латвией независимости
1990-06-01,Избрание патриархом Московским и всея Руси митрополита Ленинградского Алексия
1990-06-12,Принятие 1-м съездом народных депутатов РСФСР Декларации о государственном суверенитете РСФСР
1990-06-01,Учредительный съезд Компартии РСФСР
1990-07-24,Отмена ограничений на продажу алкогольных напитков
1990-08-01,Провозглашение Арменией независимости
1990-10-01,Принятие союзным руководством экономической программы Н. И. Рыжкова. Открытый конфликт с руководством РСФСР. Провозглашение Б. Н. Ельциным выхода РСФСР из подчинения Центру
1990-11-09,Договор о добрососедстве партнерстве и сотрудничестве с ФРГ
1990-12-24,Закон РСФСР о собственности. Признание частной собственности
1990-01-01,Провозглашение Молдавией Украиной Белоруссией Азербайджаном государственного суверенитета
1991-01-14,Назначение В. С. Павлова председателем кабинета министров СССР
1991-01-20,Штурм подразделением ОМОНа здания Министерства внутренних дел Латвии
1991-01-24,Замена 50- и 100-рублевых купюр (официальная цель – «борьба с теневой экономикой»). Усиление недовольства населения
1991-02-01,Массовые демонстрации оппозиции в Москве
1991-03-17,Всесоюзный референдум «О сохранении обновленного союза». Большинство избирателей высказалось за сохранение Союза. На всероссийском референдуме большинство избирателей проголосовало за введение поста президента РСФСР
1991-03-28,Ввод войск в Москву под предлогом защиты народных депутатов от «морального террора» демонстрантов. Выведены по требованию Съезда народных депутатов РСФСР
1991-04-02,Повышение розничных цен
1991-06-12,Избрание Б. Н. Ельцина президентом РСФСР. Вице-президентом избран А. В. Руцкой
1991-06-17,Требование В. С. Павлова предоставить Кабинету министров чрезвычайные полномочия (отвергнуто ВС СССР 21 июля)
1991-07-01,Прекращение действия Варшавского договора
1991-07-01,Создание Движения демократических реформ
1991-07-09,Договор о дружбе и сотрудничестве с Испанией
1991-07-20,Указ президента РСФСР о департизации (фактическое запрещение деятельности КПСС на предприятиях и учреждениях)
1991-07-23,Согласование с М. С. Горбачевым и руководителями 9 республик проекта нового Союзного договора (подписание Договора назначено на 20 августа)
1991-07-31,Договор с США о сокращении и ограничении стратегических наземных вооружений
1991-08-19,Создание Государственного комитета по чрезвычайному положению (ГКЧП). Изоляция президента М. С. Горбачева в Крыму (с 18 августа). Объявление чрезвычайного положения в отдельных районах страны. Ввод войск в Москву. Обращение президента и правительства РСФСР «К гражданам России» в котором действия ГКЧП характеризуются как государственный переворот и содержится призыв к населению дать отпор «гэкачепистам». Начало массовых митингов и демонстраций в Москве
1991-08-21,Открытие Чрезвычайной сессии ВС РСФСР. Отбытие А. В. Руцкого и И. С. Силаева в Крым для встречи с М. С. Горбачевым. Возвращение Горбачева в Москву
1991-08-22,Предоставление президенту РСФСР Б. Н. Ельцину чрезвычайных полномочий
1991-08-23,Указ президента РСФСР о приостановке деятельности КПСС в России
1991-08-24,Заявление М. С. Горбачева об отставке с поста генерального секретаря ЦК КПСС
1991-09-02,Заявление М. С. Горбачева и руководителей 9 республик о подготовке нового варианта договора
1991-09-26,Отставка И. С. Силаева с поста председателя СМ РСФСР
1991-10-07,Насильственный переход власти в Чечено-Ингушетии к Д. Дудаеву (27 октября избран президентом республики)
1991-11-06,Формирование Б. Н. Ельциным правительства реформ (заместителем главы правительства по вопросам экономической реформы назначен Е. Т. Гайдар)
1991-11-06,Указ президента РСФСР о запрете КПСС и КП РСФСР
1991-12-03,Признание РСФСР независимости Украины
1991-12-08,Заявление президента РСФСР Б. Н. Ельцина президента Украины Л. М. Кравчука и председателя ВС Белоруссии С. С. Шушкевича о прекращении существования СССР и создании Содружества Независимых Государств (СНГ) (т. н. «Беловежские соглашения»)
1991-12-21,Подписание в Алма-Ате Декларации об образовании СНГ. Присоединение к СНГ Казахстана Киргизии Таджикистана Туркмении Узбекистана
1991-12-25,Заявление М. С. Горбачева об отставке с поста президента СССР
1991-12-25,Переименование РСФСР в Российскую Федерацию (РФ)
1992-01-02,Начало экономических реформ. «Либерализация цен» (на основании указа президента РСФСР от 6 декабря 1991)
1992-02-01,Российско-американская декларация о завершении «холодной войны»
1992-02-07,Сообщение о закрытии последней колонии для политических заключенных
1992-02-14,Декларация глав государств СНГ о принципах сотрудничества. Соглашение стран СНГ о статусе стратегических сил
1992-03-16,Образование Министерства обороны РФ
1992-03-21,Проведение в Татарстане референдума о суверенитете (большинство проголосовало за суверенитет)
1992-03-31,Федеративный договор о разграничении полномочий между федеральными органами власти республик (подписан всеми республиками кроме Татарстана и Чечни)
1992-04-27,Принятие России в Международный валютный фонд
1992-06-11,Принятие ВС РФ программы приватизации государственных и муниципальных предприятий
1992-06-15,Назначение Е. Т. Гайдара исполняющим обязанности премьера правительства РФ
1992-07-16,Постановление ВС РФ о реабилитации казачества
1992-08-14,Указ президента РФ о введение в действие системы приватизационных чеков («ваучеров»)
1992-10-26,Учредительный конгресс оппозиционного Фронта национального спасения (ФНС). Запрещение деятельности ФНС как антиконституционного Указом президента (28 октября)
1992-11-02,Введение чрезвычайного положения на территории Северной Осетии и Ингушетии
1993-01-02,Договор с США о сокращении стратегического наступательного оружия
1993-01-01,Начало конституционного кризиса вызванного противостоянием законодательной и исполнительной власти
1993-03-20,Телевизионное обращение президента РФ Б. Н. Ельцина с изложением Указа № 379 «Об особом порядке управления до преодоления кризиса власти»
1993-03-23,Заключение Конституционного суда о несоответствии положений Указа № 379 Конституции
1993-04-01,Введение чрезвычайного положения на территории Пригородного района на границе Северной Осетии и Ингушетии (неоднократно возобновлялось)
1993-04-25,Всероссийский референдум. Большинство участников референдума высказались за доверие президенту против досрочных президентских и парламентских выборов
1993-05-01,Демонстрация оппозиционных сил в Москве. Столкновение демонстрантов с подразделениями милиции и ОМОНа на Гагаринской площади
1993-06-03,Всероссийское конституционное совещание созванное сторонниками оппозиционных партий и движений
1993-06-04,Постановление ВС РФ о порядке согласования и принятия на очередном Съезде народных депутатов (17 ноября 1993) проекта новой Конституции
1993-06-05,Открытие Конституционного совещания созванного по инициативе Б. Н. Ельцина. Уход с совещания Р. И. Хасбулатова и председателя Конституционного суда В. Д. Зорькина
1993-08-19,Заявление Б. Н. Ельцина о деятельности ВС РФ угрожающей безопасности России
1993-09-21,Телевизионное обращение Б. Н. Ельцина с изложением Указа №1400 «О поэтапной конституционной реформе» (Фактический роспуск Съезда народных депутатов и ВС РФ назначение выборов в Государственную думу на 11 – 12 декабря 1993 наделение Совета Федерации функциями палаты Федерального собрания)
1993-09-21,Телевизионное выступление Р. И. Хасбулатова с оценкой действий президента как государственного переворота. Экстренные заседания президиума и палат ВС РФ. Постановление о прекращении полномочий Б. Н. Ельцина. Возложение обязанностей президента на А. В. Руцкого
1993-09-23,Указ президента РФ Б. Н. Ельцина о назначении досрочных выборов президента (на 12 июня 1994). Начало блокады здания ВС РФ. Открытие Съезда народных депутатов РФ (при отсутствии кворума)
1993-10-02,Столкновения сторонников ВС с милицией и ОМОНом на Смоленской площади Москвы
1993-10-03,Захват сторонниками ВС РФ здания мэрии и штурм телецентра в Останкино. Введение чрезвычайного положения в Москве. Указ президента РФ Б. Н. Ельцина об отставке А. В. Руцкого с поста вице-президента. Ввод в Москву войск верных президенту
1993-10-04,Штурм здания ВС РФ. Обращение Б. Н. Ельцина к гражданам России с оценкой событий в Москве как «заранее спланированного фашистско-коммунистического мятежа». Арест А. В. Руцкого Р. И. Хасбулатова и др.
1993-12-12,Выборы в Совет Федерации и Государственную думу. Референдум по вопросу Конституции РФ (за принятие Конституции высказались 58.4% голосовавших)
1994-02-23,Принятие Государственной думой постановления об амнистии за политические и экономические преступления (распространена на участников событий августа 1991 и сентября – октября 1993)
1994-04-28,Начало подписания представителями политических и общественных сил «Договора об общественном согласии»
1994-06-01,Присоединение РФ к программе НАТО «Партнерство во имя мира»
1994-08-10,Съезд сторонников Д. Дудаева в Грозном. Призыв к объявлению «священной войны» против России
1994-08-31,Завершение вывода Российских войск из Германии
1994-11-28,Попытка оппозиционных режиму Д. Дудаева сил в Чечне ворваться в Грозный
1995-01-01,Штурм Грозного федеральными войсками
1995-06-14,Вооруженное нападение чеченских боевиков на Буденновск в Ставропольском крае
1995-12-17,Выборы в Государственную думу
1996-01-01,Вооруженное нападение чеченских боевиков на Кизляр в Дагестане. Вытеснение боевиков в село Первомайское. Штурм села федеральными войсками
1996-04-03,Соглашение о создании Сообщества России и Белоруссии
1996-04-20,Гибель Д. Дудаева
1996-05-27,Переговоры в Кремле (при участии Б. Н. Ельцина) между делегатами РФ и представителями чеченских сепаратистов во главе с З. Яндарбиевым. Достижение принципиальной договоренности о прекращении военных действий
1996-07-04,2-й тур президентских выборов. Избрание Б. Н. Ельцина президентом Российской Федерации на второй срок
1997-04-02,Договор о Союзе России и Белоруссии
1997-05-12,Договор о мире и принципах взаимоотношений между РФ и Чеченской республикой Ичкерия
1997-05-23,Подписание Устава Союза России и Белоруссии
1997-05-27,Подписание основополагающего акта о взаимных отношениях сотрудничестве и безопасности между РФ и Организацией Североатлантического договора
1998-03-23,Отставка В. С. Черномырдина с поста председателя правительства РФ
1998-04-24,Назначение С. В. Кириенко председателм правительства РФ
1998-08-23,Отставка правительства С. В. Кириенко
1998-09-11,Назначение Е. М. Примакова председателем правительства РФ
1999-05-12,Отставка Е.М. Примакова с поста председателя Правительства РФ
1999-05-19,Назначение министра внутренних дел С.В. Степашина председателем правительства РФ
1999-08-01,Возобновление военных действий на Северном Кавказе
1999-08-09,Отставка С.В. Степашина с поста председателя правительства РФ
1999-08-16,Назначение председателя Федеральной Службы Безопасности В.В. Путина председателем Правительства РФ
1999-12-19,Выборы в Государственную Думу третьего созыва
1999-12-31,Заявление Б.Н. Ельцина о досрочной отставке с поста президента Российской Федерации назначение председателя Правительства РФ В.В. Путина исполняющим обязанности президента РФ
2000-03-26,Избрание В.В. Путина Президентом РФ
2000-05-01,Указ Президента РФ В.В. Путина об образовании федеральных округов
2000-09-01,Указ Президента РФ В.В. Путина «О государственном совете Российской Федерации»
2000-12-01,Подписание Президентом РФ В.В. Путиным законов о гимне гербе и флаге Российской Федерации
2001-09-11,Заявление Президента РФ В.В. Путина по поводу террористических актов в США
2002-05-24,Подписание в Москве президентами России В.В. Путиным и США Дж. Бушем «Договора между Российской Федерацией и Соединенными Штатами Америки о сокращении стратегических наступательных потенциалов»
2002-05-28,Подписание в Риме «Декларации глав государств и правительств Российской Федерации и стран – членов НАТО «Отношения Россия – НАТО: новое качество»»