6 – 9 вв.,Образование племенных союзов Восточных славян
9 в.,Создание раннегосударственных объединений Восточных славян в районе Днепра и оз. Ильмень
860,Совместный морской поход Днепровских славян и варягов на Константинополь (Царьград)
862(?) – 879,Княжение Рюрика в Новгороде
862 – 882,Правление в Киеве князей Аскольда и Дира
882 – 912,Княжение Олега в Киеве
907,"Поход Олега на Константинополь. Первый договор Руси с Византией о дружественных отношениях, нормах международной торговли и мореплавания"
911,Второй договор Руси с Византией
912 – 945,Княжение Игоря в Киеве
941,"Первый поход князя Игоря на Константинополь, закончившийся провалом"
944,Второй поход князя Игоря на Константинополь. Договор Руси с Византией. (Русь теряла право беспошлинной торговли и обязывалась оказывать помощь в охране пограничных с нею владений Византии).
945 – 969,Правление Ольги в Киеве (после убийства древлянами ее мужа князя Игоря).
945 – 972(973),Княжение Святослава Игоревича в Киеве
Около 957,Посольство княгини Ольги в Константинополь. Принятие ею христианства (под именем Елена)
965,Разгром князем Святославом Хазарского каганата (на нижней Волге). Установление контроля над торговым путем Волга – Каспийское море.
968 – 971,Походы князя Святослава в Дунайскую Болгарию. Войны с Византией и печенегами
968 (969),Разгром печенегов под Киевом
971,Договор Руси с Византией
972(973) – 980,Междоусобицы в Киеве после убийства печенегами князя Святослава
980 – 1015,Княжение Владимира I Святославича в Киеве
980,Создание единого пантеона языческих богов в Киеве
985,Поход князя Владимира на волжских булгар
988 – 989,Крещение Руси
990-е гг.,Сооружение в Киеве церкви Успения Богородицы (Десятинной церкви)
1015 – 1019,Междоусобные войны сыновей Владимира I за великокняжеский престол.
"1016 – 1018
1019 – 1054",Княжение Ярослава Владимировича Мудрого в Киеве. Составление свода законов «Правда Ярослава» - наиболее древней части «Русской правды» 
1024,Восстание в Ростово-Суздальской земле; подавлено князем Ярославом
1024,"Раздел Руси между Ярославом Мудрым и его братом Мстиславом по Днепру:
Правобережье (с Киевом) отходило к Ярославу
Левобережье (с Черниговом) – к Мстиславу"
1030 – 1035,Строительство Спасо-Преображенского собора в Чернигове
1036,"Победа князя Ярослава Мудрого над печенегами, обеспечившая Руси мир на четверть века (до прихода в Степь половцев)"
1037 – 1041,Строительство Софийского Собора в Киеве
1043,Последний поход Руси (во главе с сыном Ярослава Мудрого князем Владимиром Ярославичем Новгородским) на Константинополь; завершился неудачей
1045 – 1050,Строительство Софийского Собора в Новгороде
1051,Поставление князем Ярославом Мудрым автора «Слова о Законе и Благодати» Иллариона (первого из русских) на митрополичью кафедру в Киеве. Основание отшельником Антонием Печорской обители в Киеве
1054,Великое княжение в Киеве Изяслава Ярославича. Составление «Правды Ярославичей» - второй части «Русской правды»
1068,Набег половцев на Русь. Поход русских князей (Ярославичей) на половцев; поражение на р. Альта. Восстание горожан в Киеве. Бегство Изяслава в Польшу.
Около 1071,Восстания в Новгороде и Ростово-Суздальской земле
1072,"Перенесение в новую церковь г. Вышгорода мощей князя Бориса и Глеба (сыновей князя Владимира I), убитых сторонниками Святополка, ставших первыми русскими святыми"
1073,Изгнание князя Изяслава из Киева
1073 – 1076,Великое княжение в Киеве Святослава Ярославича
1078 – 1093,Великое княжение в Киеве Всеволода Ярославича
1093 – 1113,Великое княжение в Киеве Святополка Изяславича
1093,Поражение князей Святополка и Владимира Всеволодовича Мономаха в битве с половцами на р. Стугна
1096,Победа князя Святополка над половцами в битве под Переяславлем.
1097,Съезд князей в г. Люблеч
1103,Долобский съезд русских князей для подготовки похода на половцев
1103,Поход князей Святополка и Владимира Мономаха на половцев
1108,"Основание князем Владимиром II Всеволодовичем города 
Владимира-на-Клязьме."
1111,Поход русских князей на половцев
1113,Восстание в Киеве против ростовщиков. Призвание князя Владимира II Всеволодовича
1113 – 1125,Великое княжение в Киеве Владимира II Всеволодовича Мономаха. Укрепление великокняжеской власти. Издание «Устава Владимира Мономаха»; ограничение ростовщичества
1116,Победа князя Владимира II Мономаха над половцами
1125 – 1132,Великое княжение в Киеве Мстислава Владимировича
1125 – 1157,Княжение Юрия Владимировича Долгорукого в Ростово-Суздальской земле
1127 - ок.1155,Княжение в Рязани Ростислава Ярославича
1127 – 1159,Княжение в Смоленске Ростислава Мстиславича
1131,Походы князя Мстислава Киевского на Литву
1132 – 1139,Великое княжение в Киеве Ярополка Владимировича
1135 – 1136,Волнения в Новгороде. Изгнание по решению веча князя Всеволода Мстиславича. Упрочение «боярской республики» и принципа приглашения князя
1139 – 1146,Великое княжение в Киеве Всеволода Ольговича
1147,Первое упоминание в летописи Москвы
"1149 – 1151
1155 – 1157",Великое княжение в Киеве Юрия Владимировича Долгорукого
1155,Уход князя Андрея Юрьевича Боголюбского из Киева в Ростово-Суздальскую землю
1156,Первое избрание архиепископа в Новгороде
1157,Восстание в Киеве
1157 – 1174,Великое княжение Андрея Боголюбского во Владимиро-Суздальской земле
1158 – 1161,Строительство Успенского собора во Владимире
1164,Перенос во Владимир из Киевского Вышгородского монастыря иконы Богоматери (Богоматерь Владимирская)
1168,Поход русских князей на половцев
1169,Взятие и разграбление Киева войсками Андрея Боголюбского
1170,Битва суздальцев с новгородцами. Поражение суздальцев 
1174,Убийство князя Андрея Боголюбского боярами-заговорщиками
1174 – 1176,Усобицы и восстания во Владимиро-Суздальской земле
1176 – 1212,Великое княжение во Владимиро-Суздальской земле брата князя Андрея Боголюбского – Всеволода Юрьевича Большое Гнездо
1183,Объединенный поход южнорусских князей на половцев. Разгром хана Кобяка на р. Орель
1185,"Неудачный поход на половцев князя Новгород-Северского Игоря Святославича, послуживший темой для «Слова о полку Игореве»"
1190-е гг.,Торговые договоры Новгорода с немецкими ганзейскими городами
1199,Образование Галицко-Волынского княжества
1202 – 1224,"Захват Орденом меченосцев (основан в 1202) земель ливов, эстов, земгалов и др. в Прибалтике"
1203 – 1204,Поход Галицко-Волынского князя Романа Мстиславича на половцев
"1205 – 1264
с перерывами",Княжение в Галиче и на Волыни Даниила Романовича
1209,Первое летописное свидетельство о Твери
1212,Раздел Владимиро-Суздальской земли между сыновьями князя Всеволода Большое Гнездо
"1212 – 1216
1218 – 1238",Великое княжение Юрия Всеволодовича во Владимиро-Суздальской земле.
1216,Битва на р. Липице. Победа князя Константина Всеволодовича над братьями князьями Юрием и Ярославом в борьбе за Владимирское великое княжение
1221,Основание великим князем Владимирским Юрием Всеволодовичем в земле мордвы Нижнего Новгорода – форпоста для борьбы с Волжской Булгарией
"1223, 31 мая",Разгром татарами русско-половецких дружин на р. Калка
1224,Захват Орденом меченосцев Юрьева – русской крепости в Прибалтике
1230 – 1243,Посадничество в Новгороде Степана Твердиславича – сторонника ориентации на  Владимир
1236 – 1251,Княжение в Новгороде Александра Ярославича Невского
1237 – 1241,Нашествие монголо-татарских войск во главе с ханом Батыем на Русь
"1237, дек.",Разрушение монголо-татарами Рязани
"1238,
янв. – фев.","Взятие и разрушение монголо-татарами Коломны, Москвы, Владимира, Ростова, Суздаля, Ярославля, Костромы, Углича, Галича, Дмитрова, Твери, Переяславля-Залесского, Юрьева, Торжка и других городов Северо-Восточной Руси  "
"1238, 4 мар.",Поражение объединенного войска князей Северо-Восточной Руси в битве с монголо-татарами на р. Сить. Гибель великого князя Владимирского Юрия Всеволодовича
1238 – 1246,Великое княжение во Владимире Ярослава Всеволодовича
1239,"Вторжение войск Батыя в Южнорусские земли. Разорение Переяславля, Чернигова"
1240 – 1241,"Захват рыцарями Ливонского ордена (основан в 1237 в результате слияния Тевтонского ордена и Ордена меченосцев) русских крепостей Изборск, Псков, Копорье"
"1240,
сен. – дек.",Осада и взятие Киева войсками Батыя
"1240, 15 июл.",Невская битва. Разгром войском Александра Ярославича Невского шведского войска
"1242, 5 апр.",Разгром войском князя Александра Ярославича Невского рыцарей Ливонского ордена на Чудском озере («Ледовое побоище»)
Нач. 1240-х,Образование государства Золотая Орда (Улус Джучи)
1252 – 1263,Великое княжение Александра Ярославича Невского во Владимире
1250-е,"Перепись населения («число»), организованная монголо-татарами с целью введения централизованной налоговой системы"
1257,Восстание в Новгороде против переписи населения
1261,Учреждение православной епархии в столице Золотой Орды – Сарае
1262,"Восстания в Ростове, Суздале, Владимире, Ярославле против сборщиков монголо-татарской дани и откупщиков; сбор дани передан русским князьям"
1262,Договор между великим князем владимирским Александром Ярославичем Невским и великим князем Литовским Миндовгом о совместной борьбе с Ливонским орденом
1264 – 1272,Великое княжение во Владимире Ярослава Ярославича Тверского
1266 – 1282,"Участие русских князей в походах Золотой Орды на Кавказ, Византию, Литву"
1268,"Поход в Ливонию и победа войска псковичей, новгородцев, владимиро-суздальцев над немецкими и датскими рыцарями при Раковоре"
1269,Поход ливонцев на Псков. Мир с Ливонским орденом. Стабилизация западных границ Новгорода и Пскова
Между 1276 и 1282 – 1303,Княжение Даниила Александровича в Москве. Основание первого в окрестностях Москвы Данилова монастыря (около 1282)
"1281 – 1282
1293 – 1304
с перерывами",Великое княжение Андрея Александровича Городецкого во Владимире
1285 – 1318,"Княжение Михаила Ярославича в Твери; великий князь Владимирский 
(1305 – 1317)"
1299,Переезд митрополита Максима из Киева во Владимир-на-Клязьме
1301 – 1303,Присоединение к Москве Коломны и Можайска
1303 – 1325,Княжение Юрия Даниловича в Москве. Начало борьбы Москвы и Твери за великое княжение
1315 – 1316,Поход князя Михаила Тверского и ордынского войска на Новгород. Поражение новгородцев у Торжка
1317 – 1322,Великое княжение во Владимире Юрия Даниловича Московского
1318,Убийство в Орде князя Михаила Тверского
1319 – 1326,Княжение в Твери Дмитрия Михайловича Грозные Очи
1323,Закладка князем Юрием Московским и новгородцами крепости Орешек у истоков р. Нева
1325 – 1326,Убийство князем Дмитрием Тверским в Орде князя Юрия Московского. Казнь Дмитрия Тверского по приказу хана Узбека
1325 – 1340,Великое княжение в Москве Ивана I Даниловича Калиты; с 1328 – великий князь Владимирский 
1325,Переезд в Москву из Владимира митрополита Петра
1325 – 1327,Великое княжение Александра Михайловича Тверского
1326,Строительство Успенского собора в Москве
1327,Восстание в Твери против ордынцев
1333,Строительство Архангельского собора в Москве
1339,Убийство в Орде князя Александра Михайловича Тверского
1340 – 1353,Великое княжение Симеона Ивановича Гордого Московского
Около 1340,Основание Сергием Радонежским Троице-Сергиева монастыря
1348,Договор Пскова и Новгорода о признании самостоятельности Псковской республики
1352 – 1353,Эпидемия чумы
1353 – 1359,Великое княжение в Москве и Владимире Ивана II Красного
1354,"Поставление на Русскую митрополию Алексия, выходца из московского боярского рода"
1359 – 1386,Великое княжение Дмитрия Ивановича Донского; с 1362 – великий князь владимирский
1367 – 1369,Строительство каменного кремля в Москве
1368 – 1399,Княжение в Твери Михаила Александровича
"1368,
1370, 1372",Походы великого князя Литовского Ольгерда на Москву
1374,"Появление в Новгороде ереси стригольников, выступавших за отправление богослужений мирянами"
1374,Восстание в Нижнем Новгороде против Ордынцев
1375,Поход князя Дмитрия Ивановича на Тверь. Отказ Твери от претензий на великое Владимирское княжение
Около 1377,Составление «Лаврентьевской летописи»
"1378, 11 авг.",Победа московско-рязанского войска над ордынцами на р. Воже
1379 – 1396,Крещение Стефаном Пермским зырян (коми)
"1380, 8 сен.",Куликовская битва. Победа объединенного русского войска во главе с великим князем Дмитрием Ивановичем Донским над ордынским войском Мамая на Куликовом поле (при впадении р. Непрядва в р. Дон)
1382,Поход татаро-монгольского войска во главе с ханом Тохтамышем на Москву. Осада и разорение Москвы и других городов Северо-Восточной Руси
1382,Первое упоминание огнестрельного оружия на Руси
Около 1382,Начало чеканки монеты в Москве
1389 – 1425,Великое княжение в Москве Василия I Дмитриевича
1392,Присоединение Нижегородско-Суздальского и Муромского княжеств к Москве
1395,Разгром войсками Тимура (Тамерлана) Золотой Орды. Разорение окраинных земель Руси. Разрушение Ельца
1395,Перенесение иконы Владимирской Богоматери в Москву
1395,Установление вассальной зависимости Смоленска от Литвы
1397 – 1398,"Присоединение новгородских владений – Бежецкого Верха, Вологды, Великого Устюга к Москве "
1399 - 1425,Княжение в Твери Ивана Михайловича. Усиление Твери
Конец 14 в.,Присоединение земель коми к Москве. Поход московского войска на волжских булгар и взятие их столицы 
Начало 15 в.,Создание Андреем Рублевым иконы «Троица» для Троицкого собора Троице-Сергиева монастыря
1404,Взятие Смоленска войском великого князя Литовского Витовта. Присоединение Смоленского княжества к Литве
1408,Признание великим князем Московским власти Литвы над Смоленском и Верховскими княжествами (в верховьях Оки)
1408,Вторжение ордынских войск Едигея в Северо-Восточную Русь. Осада Москвы
"1410, 15 июл.",Грюнвальдская битва. Разгром объединенным польско-литовско-русским войском рыцарей Тевтонского войска
1420,Начало чеканки монет в Новгороде
"1425 – 1462
с
перерывами",Великое княжение Василия II Васильевича Темного в Москве
1425 – 1453,Междоусобная война в Великом Московском княжестве
1425 – 1461,Княжение в Твери Бориса Александровича
1426 – 1428,Походы великого князя Литовского Витовта на Новгород и Псков
1433 – 1434,Начало открытой борьбы Галицких князей за Московский великокняжеский стол 
1436,Основание Соловецкого монастыря
1438,"Миссия митрополита Исидора во Флоренцию для участия в церковном соборе, обсуждавшем вопрос об унии православной и католической церквей под главенством Папы Римского"
1440,Признание Литвой самостоятельности Пскова
1441,"Возвращение в Москву митрополита Исидора с грамотой о Флорентийской унии православной и католической церквей. Смещение его великим князем 
Василием II Темным с митрополичьего престола "
1444 – 1448,"Война Ливонии с Новгородом с Псковом, завершившаяся 25-летним миром"
1446,Захват Москвы удельным князем Дмитрием Шемякой – братом Василия Косого. Ослепление по его приказу великого князя Василия II Темного
1448,"Провозглашение автокефалии русской церкви. Избрание Ионы, епископа Рязанского, митрополитом Московским и всея Руси"
1449,Признание Москвой и Литвой самостоятельности Новгорода и Пскова
1450,Изгнание Дмитрия Шемяки из Галича (умер в 1453)
1450-е гг.,Первые упоминания ограничения перехода крестьян
1456,"Поход великого князя Василия II Темного на Новгород. Поражение новгородцев под Старой Руссой. Заключение Ялжебицкого договора между Москвой и Новгородом, ограничевшего новгородские вольности"
1458,Окончательное разделение Киевской митрополии на Киевскую и Московскую
1462 – 1505,Великое княжение Ивана III Васильевича.
1463,Присоединение Ярославского княжества к Москве
1466 – 1472,Путешествие Тверского купца Афанасия Никитина в Индию («Хождение за три моря»)
1467 – 1469,Походы московского войска на Казань
1470-е гг.,"Появление в Новгороде ереси «жидовствующих», отрицавших божественную природу Христа"
1471,Первый поход Ивана III на Новгород. Разгром новгородцев на р. Шелонь. Признание Новгорода «отчиной» великого князя Московского
1472,"Бракосочетание Ивана III с Софьей (Зоей) Палеолог, племянницей последнего византийского императора"
1472,Окончательное присоединение Пермской земли к Москве
1474,Присоединение Ростовского княжества к Москве
1475 – 1479,Строительство каменного Успенского собора в Московском Кремле (архитектор Аристотель Фьораванти)
1477,Второй поход Ивана III на Новгород. Присоединение Новгорода к Москве
1480,Поход хана Ахмата на Москву; стояние ордынского и русского войск на р. Угра. Отступление Ахмата. Фактическая ликвидация ордынского ига на Руси
1483,Поход московского войска в Зауралье и Югорскую землю
1484 – 1486,"Формирование в Москве еретического кружка Фёдора Курицына (отрицание монастырей и монашества, проповедь идеи свободы воли)"
1484 – 1485,Тайный союз князя Михаила Тверского с Польским королем и великим князем Литовским Казимиром IV. Походы Ивана III на Тверь. Присоединение Твери к Москве
1485 – 1489,Строительство итальянскими мастерами кирпичных стен и башен Московского Кремля
1487,«Вывод» боярских семей из Новгорода и поселение их на землях Московского великого княжества
1487,Поход московского войска на Казань. Приход к власти в Казани промосковской партии
1489,"Поход московского войска на Вятку. Окончательное присоединение Вятки, а также Арской земли (Удмуртия) к Москве"
1490,Осуждение на церковном соборе ереси «жидовствующих»
1490-е гг.,Распространение идей нестяжательства (Нил Сорский) и иосифлянства (Иосиф Волоцкий)
1492,Основание крепости Ивангород на р. Нарва (напротив шведской крепости)
1492,Реформа календаря (перенос новогодия с 1 марта на 1 сентября)
1492 – 1494,Война великого князя Ивана III  с Литвой. Присоединение к Москве Вязьмы и Верховских княжеств
1493 – 1494,Прекращение ганзейской торговли в Новгороде
1496 – 1497,Война со Швецией
1496 – 1497,Первое русское посольство в Стамбул к султану Баязету II
1497,"Издание «Судебника» Ивана III; установление единого срока перехода крестьян (неделя до и неделя после осеннего Юрьева дня, 26 ноября)"
Около 1500,Составление «сказания о князьях Владимирских» с обоснованием происхождения правящей династии (Рюриковичей) от римского императора Августа
1503,"Полемика между Нилом Сорским (умер в 1508) и Иосифом Волоцким 
(умер в 1515)"
1503,"Перемирие на 10 лет между Иваном III и великим князем Литовским Александром Казимировичем. За Московским государством закреплялись Чернигов, Брянск, Путивль, Гомель и часть Смоленской земли"
1505 – 1533,Великое княжение Василия III
1505 – 1516,Строительство Алевизрм Фрязином (Новым) Архангельского собора и укреплений Московского Кремля
1507,Первый набег крымских татар на Москву
1510,Присоединение Пскова к Москве
Около 1510,"Послание монаха Псковского Елеазарова монастыря Филофея к великому князю Василию III, в котором выдвигается идея «Москва – Третий Рим»"
1514,Взятие Смоленска войсками великого князя Василия III
"1514, 8 сен.",Разгром литовскими войсками войск великого князя Василия III под Оршей
1516,Договор Василия III с Данией о военном союзе против Швеции и Польши
1519,Заключение Василием III военного союза с Крымским ханом Мухаммед-Гиреем против короля Польского и великого князя Литовского Сигизмунда I и Казанского ханства 
"1521,
июн. – авг.",Нашествие Крымского хана Мухаммед-Гирея и Казанского хана Сагиб-Гирея на Москву
1525,"Церковные соборы, осудившие Максима Грека, И. Н. Берсеня-Беклемишева и др. "
1531,Осуждение на церковных соборах и ссылка Вассиана Косого в Иосифо-Волоколамский монастырь. Максима Грека – в Тверь
1533 – 1584,Великое княжение (с 1547 - царствование) Ивана IV Васильевича Грозного
1533 – 1538,"Регентство великой княгини Елены Глинской, вдовы Василия III "
1535 – 1538,Завершение создания единой монетной системы Русского государства
"1547, 7 янв.","Венчание Ивана IV на царство, официальное принятие Иваном IV титула «царя и великого князя всея Руси»"
1547,Восстание посадских людей в Москве
"1547 – 1548
1549 – 1550",Неудачные походы русских войск на Казань
1549,Созыв Земского собора. Создание системы приказов
"Кон. 1540-х –
1550-е гг.",Деятельность Избранной рады
1550,Издание «Судебника» Ивана IV. Создание стрелецкого войска
Около 1550,Основание ярмарки у Макарьевского монастыря на Волге
"1551,
янв. – май",«Стоглавый собор» Русской церкви
"1551, лето",Присоединение Чувашии к Русскому государству
1552,Поход русского войска во главе с царем Иваном IV на Казанское ханство. Взятие Казани (2 октября). Присоединение Казанского ханства к Русскому государству
1552 – 1557,Присоединение большей части Башкирии к Русскому государству
1555,Образование в Англии Московской (Русской) торговой компании и предоставление ей привилегий на торговлю в Русском государстве 
1555,Признание сибирским ханством вассальной зависимости от Москвы
1555 – 1560,Строительство Покровского собора (храм Василия Блаженного) на Красной площади в Москве
1556,Взятие русскими войсками Астрахани. Присоединение Астраханского ханства к Русскому государству
1558 – 1583,Ливонская война
1558,Взятие русскими войсками Нарвы (11 мая) и Дерпта (Юрьева) (18 июля)
"1559, лето",Перемирие с Ливонским орденом
1561,Распад Ливонского ордена
"1563, 18 фев.",Взятие русскими войсками Полоцка
1564,Издание Иваном Федоровым в Москве «Апостола» - первой русской печатной книги
1564,Поражение русских войск под Оршей
"1564, 3 дек.",Отъезд царя Ивана IV из Москвы в Александровскую Слободу
"1565, 2 фев.",Возвращение Ивана IV в Москву. Учреждение (3 февраля) опричнины. 
"1566, июн.",Заключение перемирия между царем Иваном IV и Польским королем Сигизмундом II Августом
"1569, дек. –1570, фев.",Поход царя Ивана IV на Новгород и Псков
"1571, янв.",Первый русский военный устав – «Уложение о станичной службе»
"1571, май",Поход Крымского хана Девлет-Гирея на Москву. Сожжение Москвы.
"1571, май",Прекращение выплаты дани Сибирским ханом Кучумом царю Ивану IV
1572,Упразднение опричнины
"1577,
янв. – мар.",Выступление русских войск против Швеции
"1579, июл.",Вторжение шведских войск в новгородские земли
"1579, июл.",Объявление королем Речи Посполитой Стефаном Баторием войны Русском государству
"1579, 30 авг.",Взятие польскими войсками Полоцка
"Кон. 1570-х –
Нач. 1580-х",Поход Ермака Тимофеевича в Сибирь
"1580, янв.",Приговор церковного собора об ограничении монастырского землевладения
1581,Начало введения заповедных лет (запрет перехода крестьян)
"1581, сен.","Взятие шведскими войсками крепостей Нарва, Ивангород, Ям, Копорье"
"1581, сен. – 1582, янв.",Осада Пскова войсками Стефана Батория
"1581, 26 окт.",Вступление дружины Ермака в столицу Сибирского ханства Кашлык
"1591, 19 ноя.","Смерть старшего сына Ивана IV, царевича Ивана"
"1582, 6 фев.",Ям-Запольский мир с Речью Посполитой
1583,Плюсское перемирие со Швецией
1584,Основание Архангельска
1485 – 1598,Царствование Федора Ивановича
"1585, 6 авг.",Разгром Сибирским ханом Кучумом отряда Ермака. Гибель Ермака
1586,"Основание Воронежа, Тюмени, Самары, Уфы, Тобольска"
"1589, 26 янв.",Учреждение Патриаршества в Русском государстве. Избрание патриархом митрополита Иова (умер в 1605)
1589,«Судебник» царя Федора Ивановича
1590 – 1593,"Война со Швецией. Возвращение крепостей Ивангород, Ям, Копорье"
"1591, 15 мая",Смерть в Угличе младшего сына Ивана IV царевича Дмитрия
"1591, лето","Поход на Москву Крымского хана Казы-Гирея, сражение (4 июля) у Данилова монастыря близ Москвы (отступление татарских войск)"
"Около
1593 – 1593",Завершение введения заповедных лет. Отмена Юрьева дня (осеннего)
1594,Официальное назначение боярина Бориса Годунова правителем государства при царе Федоре Ивановиче
"1595, 18 мая","Тявзинский «вечный мир» между Русским государством и Швецией. Швеция уступала Ям, Корелы, Ивангород, Копорье, Ниеншанц, Орешек"
1596,Провозглашение Брестским церковным собором унии православной и католической церквей на территории Речи Посполитой
"1597, 24 ноя.",Установление 5-летнего срока сыска беглых и насильно вывезенных крестьян для возвращения их назад
"1598, 6 янв.",Смерть царя Федора Ивановича. Прекращение династии Рюриковичей
1598 – 1605,Царствование Бориса Федоровича Годунова
1601 – 1603,Голод в России
1603,Восстание крестьян и холопов под предводительством Хлопка
1604,Основание Томска
1604,Вступление войск Лжедмитрия I на территорию России
1605 – 1606,Правление Лжедмитрия I
1605 – 1606,Патриаршество Игнатия
"1606, 17 мая",Восстание в Москве против поляков. Убийство Лжедмитрия I
1606 – 1610,Царствование Василия IV Шуйского
1606 – 1607,Крестьянское восстание под предводительством И. И. Болотникова
1606 – 1612,Патриаршество Гермогена
"1606,
окт. – дек.",Осада Москвы войском Болотникова. Разгром войска Болотникова в районе Коломенского близ Москвы
"1607, 9 мар.",«Уложение» царя Василия IV Шуйского. Установление 15-летнего срока сыска беглых крестьян
"1607, 10 окт.","Взятие Тулы войсками Василия Шуйского. Арест Болотникова (сослан в Каргополь, утоплен)"
1608,Начало похода Лжедмитрия II на Москву. Создание «Тушинского лагеря»
"1608, сен. –
1610, янв.",Осада польскими войсками Троице-Сергиева монастыря
1609 – 1611,Осада Смоленска польскими войсками
1609 – 1618,Польско-шведское вторжение в Россию
"1609, дек.",Бегство Лжедмитрия II в Калугу
"1610, 17 июл.",Свержение царя Василия IV Шуйского
1610,Договор «тушинцев» с королем Речи Посполитой Сигизмундом III о призвании на русский престол королевича Владислава
1610 – 1613,Правление «семибоярщины» во главе с князем Мстиславским
"1610, сен.",Вступление в Москву польских войск
"1611,
янв. – мар.","Формирование первого ополчения против польских войск во главе с 
П. Ляпуновым"
"1611, мар.",Восстание в Москве против польских войск. Пожар в Москве
"1611, июл.",Распад первого ополчения
"1611,
сен. – окт.",Формирование в Нижнем Новгороде второго ополчения во главе с Кузьмой Мининым и князем Д. М. Пожарским
"1612, апр.",Создание в Ярославле «Совета всей земли» (временного правительства России)
"1612, 26 окт.",Вступление войск второго ополчения в Москву. Капитуляция польского гарнизона в Кремле
1612 – 1633,Патриаршество Филарета
"1613, янв.",Созыв Земского собора в Москве
"1613, 21 фев.",Избрание Земским собором на русский престол Михаила Федоровича Романова
1613 – 1645,Царствование Михаила Федоровича 
"1617, 27 фев.",Столбовский «вечный мир» со Швецией
"1618, 1 дек.",Деулинское перемирие с Речью Посполитой
"1619, июн.","Возвращение из польского плена отца Михаила Федоровича, Филарета. Возведение его в сан патриарха Московского (до 1633)"
1628,Основание Красноярска
1630 – 1632,Военная реформа. Формирование регулярных полков и полков иноземного строя
1632 – 1634,Война России с Речью Посполитой за возвращение Смоленска
1634,Поляновский мир с Речью Посполитой. Отказ короля Владислава IV от претензий на русский престол
1634 – 1640,Патриаршество Иоасафа I
1635 – 1638,Введение новых оборонительных сооружений – «засечных черт» на южных рубежах России
1636,Основание Симбирска
1640 – 1652,Патриаршество Иосифа
1643 – 1651,Походы В. Пояркова и Е. Хабарова за Амур
1645 – 1676,Царствование Алексея Михайловича
1647,Основание Охотска
1648,"«Соляной бунт» в Москве. Восстания в Сольвычегорске, Великом Устюге, Соликамске, Козлове, Курске, Воронеже, Томске, Сургуте и др."
1648,Поход С. Дежнева. Открытие пролива между Азией и Америкой
"1648, июл.","Созыв Земского собора. Начало работы Уложенной комиссии князя 
Н. И. Одоевского"
"1649, 29 янв.",Принятие Земским собором нового свода законов – Соборного уложения царя Алексея Михайловича
1650,Восстания в Пскове и Новгороде
Около 1650,"Образование в Москве кружка «ревнителей благочестия», выступавших за проведение церковной реформы"
"1652 – 1658,
1667",Патриаршество Никона.
1652,Установление казенной монополии на торговлю хлебным вином (водкой)
1653,Начало церковной реформы патриарха Никона
"1654,
8 – 9 янв.",Переяславская рада. Присоединение Украины к России
1654 – 1667,Русско-польская война
1656 – 1658,Русско-шведская война
1661,Основание Иркутска
"1661, 21 июн.",Кардисский мир со Швецией
"1662,
25 – 26 июл.",«Медный бунт» в Москве
1663 – 1664,Восстания в Сибири и Башкирии
1666,Учреждение почты в России
1666 – 1667,"Церковный собор. Осуждение патриарха Никона, лишение его патриаршего сана"
1667 – 1672,Патриаршество Иосафа II
"1667, 30 янв.",Андрусовское перемирие с Речью Посполитой. Возвращение России Смоленской и Черниговской земель
1668 – 1676,Восстание в Соловецком монастыре («Соловецкое сидение»)
1670 – 1671,"Крестьянско-казацкое восстание под предводительством С. Т. Разина 
(казнен 26 апреля 1671)"
1672 – 1673,Патриаршество Питирима
1674 – 1690,Патриаршество Иоакима
1676 – 1681,Война России с Турцией и Крымским ханством
1676 – 1682,Царствование Федора Алексеевича
1679,Введение подворного налогообложения (вместо посошного)
"1681, 13 янв.",Бахчисарайское перемирие с Турцией и Крымским ханством
1682,"Отмена местничества (система феодальной иерархии, существовавшая с 15 в.)"
"1682, 4 апр.","Сожжение в Пустозерске лидеров церковного раскола Аввакума, Епифания и др."
"1682, апр.",Борьба за власть боярских группировок Нарышкиных и Милославских после смерти царя Федора Алексеевича. Стрелецкий бунт.
1682 – 1696,Совместное царствование братьев Ивана V и Петра I
1682 – 1689,Правление царевны Софьи Алексеевны – регентши при малолетних государях
1686,Создание Петром I «потешных войск»
"1686, 6 мая",«Вечный мир» с Речью Посполитой
1687,Основание Эллино-греческой (с 1701 Славяно-греко-латинская) академии в Москве
"1687, 1689",Крымские походы русских войск под командованием князя В. В. Голицына
"1689, 27 авг.",Нерчинский договор с Китаем. Установление русско-китайской границы по рекам Аргунь и Горбица
1690 – 1700,Патриаршество Адриана
"1695, 1696",Азовские походы Петра I. Взятие Азова (17 июля 1696)
1696 – 1725,Единоличное царствование Петра I (после смерти царя Ивана V)
1697 – 1698,«Великое посольство» Петра I в Европу
1698,Бунт стрелецких полков. Массовые казни стрельцов
"1698, 19 авг.",Указ Петра I о запрещении ношения бороды и введении европейской одежды
1699,Реформа городского управления. Создание Бургмистерской палаты
1699,Расформирование стрелецкого войска
"1700, 1 янв.",Введение нового летоисчисления (юлианский календарь)
"1700, 13 июл.",Константинопольский мирный договор с Турцией
1700 – 1721,Северная война России со Швецией
1700,Смерть патриарха Адриана. Назначение митрополита Стефана Яворского местоблюстителем патриаршего престола
1701,Открытие в Москве школы математических и навигацких наук
"1702, окт.",Осада и взятие штурмом русскими войсками крепости Нотебург (Орешек)
"1703, 2 янв.",Выход в свет первой русской газеты «Ведомости»
"1703, апр.",Взятие русскими войсками под командованием Б. П. Шереметьева крепости Ниеншанц в устье Невы
"1703, 16 мая",Основание Санкт-Петербурга
1703,Выход в свет учебника «Арифметика» Л. Ф. Магницкого
"1704, лето",Осада и взятие русскими войсками крепостей Дерпт и Нарва
1705,Введение ежегодной рекрутской повинности
1705 – 1706,Стрелецкое восстание в Астрахани. Подавлено Б. П. Шереметевым
1705 – 1711,Восстание башкир
"1706, мар.","Отступление русских войск из Гродно к Брест-Литовску, а затем к Киеву"
1707 – 1708,"Крестьянско-казацкое восстание под руководством Кондратия Булавина, охватившее Дон, Левобережную и Слободскую Украину, Среднее Поволжье"
"1708, июн.","Вторжение шведской армии короля Карла XII в Россию, форсирование 
р. Березина"
"1708, июл.",Выступление гетмана И. С. Мазепы на стороне Швеции против России
"1708, 28 сен.",Разгром Петром I шведского корпуса у Лесной
"1708, дек.",Реформа административного управления. Разделение России на губернии
"1708, дек.",Введение гражданского шрифта
1709,Разрушение Запорожской Сечи
"1709, 27 июн.","Полтавская битва. Поражение шведских войск. Бегство Шведского короля 
Карла XII и Мазепы в Турцию (30 июня)"
"1709, июл.","Союз России, Речи Посполитой, Дании и Пруссии против Швеции"
1710,"Взятие русскими войсками Риги, Ревеля, Выборга"
1710,Подворно-податная перепись населения
"1710, ноя.","Объявление Турцией, подстрекаемой Карлом XII, войны России"
"1711, фев.",Учреждение Правительствующего Сената
"1711,
май – июл.",Прутский поход русских войск под командованием царя Петра I
"1711,
9 – 10 июл.",Окружение русской армии на р. Прут
"1711, 12 июл.","Заключение Прутского (Ясского) мира между Россией и Турцией. Возвращение Турции Азова, обязательство уничтожить крепости на Юге и Азовский флот"
1712,Указы царя Петра I о создании Оружейного двора в Туле и Литейного двора в Петербурге
"1712, мар.",Венчание Петра I с Мартой Еленой Скавронской (после принятия православия – Екатерина Алексеевна)
1713,Наступление русских войск в Финляндии. Взятие Гельсингфорса и Або 
1714,Указ царя Петра I о единонаследии
"1714, 27 июл.",Гангутское морское сражение. Победа русского флота над шведами
"1716, мар.",Принятие «воинского устава»
"1716, сен.",Бегство царевича Алексея за границу
1717,Поездка царя Петра I во Францию
"1718, янв.",Возвращение царевича Алексея  в Россию (по требованию Петра I). Манифест о лишении царевича Алексея прав на престол
"1718, июн.",Кончина царевича Алексея после вынесения ему смертного приговора по обвинению в организации заговора
1718 – 1721,"Ликвидация Приказов, учреждение Коллегий"
1718 – 1731,Сооружение Ладожского канала
1719,Административная реформа. Разделение губерний на провинции. «Генеральный регламент» Петра I (устав гражданской службы)
"1720, 28 июн.",Победа русского флота над шведской эскадрой у острова Гренгам
1720 – 1737,Составление В. Н. Татищевым «Истории Российской с самых древних времен»
"1721, 30 авг.","Ништадский мир России со Швецией. Завершение Северной войны. Закрепление за Россией Лифляндии, Эстляндии, Ингерманландии, части Карелии с Выборгом и части Южной Финляндии"
"1721, 11 окт.",Принятие Петром I императорского титула
1721,Учреждение государственной почты
1721,Начало строительства крепости Екатеринбург
1721,Учреждение Святейшего Синода (вместо патриаршества)
"1722, 13 янв.","Издание «Табели о рангах», разделение всех государственных служащих на 14 рангов (чинов)"
1722 – 1723,Русско-персидская война. Персидский поход Петра I
1722,Ликвидация гетманства на Украине
1723,"Взятие русскими войсками Дербента, Баку"
"1723, 1 сен.",Русско-персидский ирный договор. Признание Персией прав России на западное и южное побережье Каспийского моря
1724,Учреждение Академии наук. Торжественное открытие Академии в Петербурге (27 декабря 1725)
"1724, июн.",Константинопольский договор России с Турцией о разграничении владений в Закавказье
"1725, 28 янв.",Смерть Петра I. Борьба за власть между придворными группировками во главе с А. Д. Меншиковым и Долгорукими. Возведение на престол группировкой Меншикова Екатерины I
1725 – 1727,Царствование императрицы Екатерины I
"1725, июн.","Брак старшей дочери Петра I Анны Петровны с Карлом Фридрихом, герцогом Гольштейн-Готторнским"
1725 – 1730,Первая камчатская экспедиция В. Беринга
"1726, фев.",Учреждение Верховного тайного совета под председательством Екатерины I
1726,Открытие при Академии наук Академической гимназии и Академического университета 
1727 – 1730,Царствование императора Петра II (сына царевича Алексея)
1727,Восстановление гетманства на Украине (до 1734)
"1727, сен.","Низложение и арест А. Д. Меншикова, возвышение Долгоруких"
"1727, 21 окт.",Кяхтинский договор между Россией и Кираем об установлении границ и условиях русско-китайской торговли
"1730, янв.","Избрание на русский престол вдовы герцога Курляндского, дочери царя Ивана V – Анны Ивановны"
1730 – 1740,Царствование императрицы Анны Ивановны. Отстранение от власти Долгоруких. «Бироновщина»
"1730, мар.",Отмена указа о единонаследии
1730,Отмена майората при наследовании имений
1730 – 1732,Переход под покровительство России части Северного Казахстана
"1731, 18 окт.",Упразднение Верховного тайного совета и учреждение Кабинета министров
1731,Объявление земель помещиков их наследственной собственностью
"1732, янв.","Рештский трактат между Россией и Персией. Возвращение Персии южного побережья Каспийского моря, приобретенного Россией в ходе русско-персидской войны (1722 – 1723)"
1733 – 1743,Вторая Камчатская (Великая Северная) экспедиция В. Беринга (окончательное подтверждение существование пролива между Евразией и Америкой). Академическая экспедиция И. Г. Гмелина и Г. Ф. Миллера по Сибири и Дальнему Востоку
1733 – 1735,Союз России с Австрией и Саксонией в войне с Францией за Польское наследство. Признание Францией Августа Саксонского (Августа III) польским королем
"1733, сен.",Вступление русских войск в Варшаву (в ходе войны за Польское наследство)
1735 – 1739,Русско-турецкая война
1736,"Указы о закреплении мастеровых на мануфактурах, о запрещении фабрикам покупать поселения с землей, о принудительном привлечении к работам на мануфактурах нищих и бродяг"
1736,Постройка крепости Кизляр на Северном Кавказе
"1739, 18 сен.",Подписание Белградского мира с Турцией. Возвращение Азова и Запорожья
"1740, 17 окт.","Смерть Анны Ивановны. Возведение на престол Ивана VI Антоновича 
(родился 2 августа 1740), сына Анны Леопольдовны (внучки царя Ивана V) и герцога Антона-Ульриха Брауншвейгского, провозглашение регентом Бирона "
"1740, 8 ноя.",Свержение Бирона. Провозглашение регентшей Анны Леопольдовны
1741 – 1743,Русско-шведская война
1741 – 1761,"Царствование императрицы Елизаветы Петровны, дочери Петра. Возведена на престол в результате дворцового переворота (25 ноября 1741) "
"1741, дек.","Упразднение Кабинета министров, восстановление полномочий Сената"
"1743, май",Разгром шведской флотилии у острова Корно
"1743, авг.","Подписание русско-шведского договора в Або (Финляндия), получение Россией части Финляндии"
1743,Основание Оренбурга
1743 – 1747,«Дипломатическая революция». Заключение Россией серии договоров с западноевропейскими странами
1750,Назначение гетманом Украины графа К. Г. Разумовского
"1753, дек.",Указ об отмене внутренних торговых пошлин
1754 – 1761,Работа Елизаветинской уложенной комиссии
1754,Начало экономических реформ П. И. Шувалова. Таможенный устав. Учреждение Дворянского и Купеческого заёмного банков
"1755, 12 янв.","Основание Московского университета (по инициативе М. В. Ломоносова, при покровительстве И. И. Шувалова)"
1756 – 1762,"Участие России в Семилетней войне (1756 – 1763) на стороне Австрии, Франции, Испании, Саксонии и Швеции против Пруссии, Великобритании и Португалии"
"1757, 19 авг.",Разгром русскими войсками под командованием С. Ф. Апраксина прусской армии у Гросс-Егерсдорфа. Последующий отход русских войск к Тильзиту 
1757,Введение покровительственного таможенного тарифа
"1757, ноя.",Учреждение Академии художеств
"1757, 30 дек.",Взятие русскими войсками под командованием В. В. Фермора Кёнигсберга
"1758, янв.",Манифест Елизаветы Петровны о включении Восточной Пруссии в состав Российской Империи
"1759, 1 авг.",Победа русских войск под командованием П. С. Салтыкова над прусской армией Фридриха II при Куннерсдорфе (под Франкфуртом)
"1760, 28 сен.",Взятие русскими войсками Берлина
"1761, 25 дек.","Смерть императрицы Елизаветы Петровны. Вступление на престол 
Петра III Федоровича – сына Анны Петровны (дочери Петра I) и Карла Фридриха, герцога Гольштейн-Готторнского"
"1762, фев.",Манифест о вольности дворянства. Манифест об уничтожении Тайной канцелярии и отмене сыска по устному доносу
"1762, 13 апр.",Мир с Пруссией. Россия уступала Пруссии все свои завоевания в ходе Семилетней войны
"1762, 29 мая",Заключение союза с Пруссией
"1762, 29 июн.",Дворцовый переворот. Свержение императора Петра III и возведение его жены Екатерины II Алексеевны (урожденная София Фредерика Ангальт-Цербстская)
1762 – 1796,Царствование императрицы Екатерины II
"1762, 6 июл.",Убийство Петра III
"1764, фев.",Секуляризация церковных и монастырских земель
"1764, июл.","Попытка государственного переворота с целью возвращения на престол 
Ивана VI Антоновича, предпринятая поручиком В. Я. Мировичем. Убийство Ивана VI. Казнь (сентябрь) Мировича"
"1764, окт.","Избрание на польский престол ставленника Екатерины II графа 
Станислава Понятовского"
1764,Окончательное упразднение гетманства на Украине
"1764, дек.",Начало реформ в области образования по проекту И. И. Бецкого
"1765, янв.",Указ о праве помещиков ссылать крепостных крестьян в Сибирь
"1765, окт.",Создание Вольного экономического общества
1766,Торговый договор с Великобританией
1767 – 1768,"Деятельность Комиссии об Уложении, созданной с целью кодификации законов"
1767,Публикация «Наказа» Екатерины II для Комиссии по составлению нового Уложения
1768 – 1774,Русско-турецкая война
1768 – 1774,Академические экспедиции для изучения восточных и северных районов Российской империи
1769,Выпуск ассигнаций (первых бумажных денег в России)
1769,Первый внешний заём России (в Амстердаме)
"1770, 26 июн.",Победа русского флота при Чесме
"1770, июл.",Победы русских войск под командованием П. А. Румянцева при Ларге и Кагуле
"1770, дек.",Взятие русскими войсками Аккермана и Бухареста
1771,Занятие русскими войсками Крыма
1771,Эпидемия чумы в Москве. «Чумной бунт»
1771,Запрещение продажи крепостных с публичных торгов за долги помещика
"1772, 25 июл.","Петербургская конвенция о первом разделе Речи Посполитой между Россией, Пруссией и Австрией. Присоединение к России Подвинья, Полоцкого, Витебского, Мстиславского и части Минского воеводств, польской части Ливонии"
"1772, сен.","Победы русских войск под командованием А. В. Суворова под Карасу и 
Кючук-Кайнарджи"
1773 – 1775,Крестьянско-казацкое восстание под предводительством Е. И. Пугачева
"1773, окт. – 1774, мар.",Осада войском Пугачева крепости Оренбург
"1773, ноя.",Поражение правительственных войск в сражении с войском Пугачева под Оренбургом
"1774,
10 (21) июл.",Кючук-Кайнарджийский мир с Турцией
"1774, июл.",Штурм и взятие Пугачевым Казани; его поражение в сражении под Казанью
"1774, авг.",Окончательное поражение Пугачева под Царицыном
"1775, 10 янв.",Казнь Пугачева в Москве
1775,Издание «Учреждения для управления губерний Российской империи». Разделение страны на 51 губернию
1779,Основание Черноморского флота
1780,Декларация Екатерины II о «вооруженном нейтралитете» с целью охраны торгового мореплавания во время борьбы британских колоний в Северной Америке за независимость
"1783, 28 мар.",Манифест Екатерины II о присоединении Крыма к России
"1783, 3 мая",Указ о закрепощении крестьян на Левобережной Украине
"1783, 24 июл.",Георгиевский трактат – договор о добровольном принятии Картли-Кахетинского царства (Восточная Грузия) под покровительство Российской империи
1784,Создание Г. И. Шелеховым первых русских поселений на Аляске
"1785, 21 апр.",«Жалованная грамота дворянству» и «Грамота на права и выгоды городам Российской империи»
"1786, 31 дек.",Торговый договор России и Франции
1786,Секуляризация церковных и монастырских земель на Украине  
1787 – 1791,Русско-турецкая война
1788 – 1790,Русско-шведская война
"1788, 6 июл.",Победа русского флота над шведским при Гогланде
"1788,
сен. – окт.",Экспедиция эскадры под командованием Д. Н. Сенявина и его победа над турецким флотом при Синопе
"1788, 18 сен.",Взятие русско-австрийскими войсками под командованием И. П. Салтыкова и принца Кобургского крепости Хотин
"1788, 6 дек.",Взятие русскими войсками под командованием Г. А. Потемкина турецкой крепости Очаков
"1789, 21 июл.",Победа русско-австрийских войск под командованием А. В. Суворова и принца Кобургского при Фокшанах
"1789, 11 сен.",Победа русских войск под командованием А. В. Суворова при Рымнике 
"1789, 28 сен.",Капитуляция Аккермана
"1790, мар.",Ряд поражений русских войск в Финляндии
"1790, 3 авг.",Версальский мир между Россией и Швецией
"1790, 28 авг.",Победа русского флота под командованием Ф. Ф. Ушакова над турецким флотом при Тендре
1790,Указ Екатерины II о возвращении всех русских из революционной Франции
"1790, 11 дек.",Взятие русскими войсками под командованием А. В. Суворова крепости Измаил
"1791, 31 июл.",Разгром турецкого флота при мысе Каликария
"1791, 29 дек.",Ясский мир с Турцией. Признание Турцией присоединения Крыма к России
"1793, 12 янв.","Петербургская конвенция между Россией и Пруссией о втором разделе Речи Посполитой. Переход к России большей части Украины и Белоруссии 
(с Минском)"
1793,Замена пожизненной солдатской службы 25-летним сроком
1794,Подавление русскими войсками восстания Т. Костюшко в Польше
"1795, 13 окт.","Петербургская конвенция между Россией, Австрией и Пруссией о третьем разделе Речи Посполитой. Переход к России Литвы, Курляндии, Западной Белоруссии и Западной Украины "
"1796, 6 ноя.",Смерть императрицы Екатерины II
1796 – 1801,Царствование императора Павла I
1797,Введение престолонаследия по генеалогическому старшинству
1799,Участие России в войнах второй антифранцузской коалиции 
1799,"Русско-турецкая экспедиция к Ионическим островам под командованием 
Ф. Ф. Ушакова, образование Ионической республики под протекторатом России (до 1807)"
"1799, фев.",Штурм Ф. Ф. Ушаковым французской крепости на острове Корфу
"1799,
апр. – авг.",Итальянский поход А. В. Суворова
"1799, сен.",Швейцарский поход А. В. Суворова. Прорыв через перевал Сен-Готард и ущелье Чертов мост
1799,Образование Российско-Американской компании
"1801, 18 янв.",Присоединение Картли-Кахетинского царства к России 
"1801, 11 мар.",Дворцовый переворот. Убийство императора Павла I
1801 – 1825,Царствование императора Александра I
"1801, 24 июн.","Учреждение Негласного комитета для подготовки реформ, состоявшего из «молодых друзей» императора"
"1802, 8 сен.",Министерская реформа. Замена коллегий министерствами. Учреждение Комитета министров
1802,Основание Дерптского университета
"1803, 20 фев.",Указ о «вольных хлебопашцах»
1803 – 1804,"Присоединение Мегрелии (Мингрелии), Имертии, Гурии и Гянджинского ханства к России "
1803 – 1806,Первое русское кругосветное плавание И. Ф. Крузенштерна и Ю. Ф. Лисянского на кораблях «Надежда» и «Нева» 
1804,Основание Казанского университета. Принятие единого университетского устава; введение автономии университетов
"1804, июн. – 1813, янв.",Русско-персидская война
1804 – 1808,"Указы, запрещающие работорговлю на Кавказе"
1805,Основание Харьковского университета. Основание Московского общества испытателей природы
1805 – 1807,Участие России в 3-й и 4-й коалиционных войнах против Франции
"1805, 20 ноя. (2 дек.)",Поражение русско-австрийских войск в сражении с французскими войсками под Аустерлицем
1805 – 1812,Постройка российских фортов на Аляске и в Калифорнии 
1806 – 1812,Русско-турецкая война
"1807,
26 – 27 янв.
(7 – 8 фев.)",Сражение русских и французских войск при Прёйсиш-Эйлау
"1807,
2 (14) июн.",Поражение русских войск в сражении с французскими войсками под Фридландом
"1807,
13 (25) июн. – 28 июн.
(9 июл.)","Свидание Александра I с Наполеоном в Тильзите. Тильзитский мир между Россией и Францией: признание Россией всех завоеваний Наполеона, обязательство присоединиться к континентальной блокаде против Великобритании"
1808,Назначение М. М. Сперанского главой Комиссии о составлении законов
1808,Основание Сибирского казачьего войска
1808 – 1809,"Русско-шведская война. Присоединение (по Фридрихсгамскому миру, подписанному в сентябре 1809) Финляндии к России"
"1809, мар.",Созыв императором Александром I Боргосского сейма представителей финляндских сословий. Образование Великого княжества Финляндского в составе Российской империи
1809,"Проект реформ М. М. Сперанского, предусматривавший постепенный переход к монархии конституционного типа"
1809,Запрещение помещикам ссылать своих крестьян в Сибирь (действовало до 1822)
"1810, 1 янв.",Учреждение государственного совета (с совещательными функциями) 
1810,Начало организации военных поселений
1810,Присоединение Абхазии
"1811, 19 окт.",Открытие Царскосельского лицея
"1812, мар.",Отставка и ссылка (до 1816) М. М. Сперанского
"1812, 
16 (28) мая",Бухарестский мир между Россией и Турцией. Присоединение Бессарабии к России
"1812, 12 июн.",Вторжение «Великой армии» Наполеона в Россию. Начало Отечественной войны русского народа
"1812, 
4 – 5 авг.",Смоленское сражение. Соединение армий М. Б. Барклая-де-Толли и П. И. Багратиона
"1812, 8 авг.",Назначение М. И. Кутузова главнокомандующим русской армией
"1812, 26 авг.",Бородинское сражение
"1812, 1 сен.",Военный совет в Филях (близ Москвы). Решение о сдаче Москвы
"1812, 2 сен.",Вступление войск Наполеона в Москву. Начало Московского пожара
"1812,
сен. – окт.",Тарутинский маневр Кутузова
"1812, 2 окт.",Отступление Наполеона из Москвы
"1812, 6 окт.",Победа русских войск в сражении с корпусом И. Мюрата под Тарутином
"1812, 12 окт.",Сражение под Малоярославцем
"1812, 
14 – 16 ноя.",Разгром остатков «Великой армии» Наполеона при переправе через р. Березина
1813 – 1814 ,Заграничные походы русской армии в Европу
"1813,
4 – 7 (16 – 19) окт.",Победа русско-австро-прусской армии над французскими войсками в сражении под Лейпцигом («Битва народов»)
"1813, 24 окт. 
(5 ноя.)",Гюлистанский мир с Персией. Присоединение территории Северного Азербайджана и Дагестана к России
"1814, мар.",Вступление союзных войск (в т.ч. русских под командованием императора Александра I) в Париж. Отречение Наполеона и ссылка его на о. Эльба
1814,Открытие Публичной библиотеки в Петербурге
"1814, 
18 (30) мая",Парижский мирный договор. Возвращение Франции к границам 1792
"1814, сен. – 
1815, 28 мая (9 июн.)",Венский конгресс
1815,Постройка в России первого парохода
"1815, июн.","Подписание итоговых документов Венского конгресса. Герцогство Варшавское разделено между Россией, Австрией и Пруссией"
"1815,
14 (26) сен.","Акт о создании священного союза, подписан русским императором 
Александром I, австрийским императором Францем I и прусским королем Фридрихом Вильгельмом III (позднее к союзу присоединились почти все европейские монархи)"
"1815,
8 (20) ноя.","Второй Парижский мирный договор, предусматривавший 5-летнюю оккупацию Франции войсками союзных держав (прекращена досрочно в 1818)"
"1815, 27 ноя.",Дарование императором Александром I Конституции Царству Польскому
"1816, фев.",Создание «Союза спасения» - первой тайной «декабристской организации»
1816 – 1819 ,Отмена крепостной зависимости в прибалтийских губерниях
1817,Образование Астраханского казачьего войска
1817 – 1834 ,Строительство шоссейной дороги Петербург-Москва
1817 – 1864 ,Кавказская война. Завоевание Северного Кавказа
1817 – 1823 ,Сооружение линии кордонов по р. Сунжа на Северном Кавказе
1818,Образование «Союза благоденствия» - тайного «декабристского» общества
1819,Основание Петербургского университета (?)
1819,Волнения в Чугуевских военных поселениях
1819 – 1821 ,Экспедиция Ф. Ф. Беллинсгаузена и М. П. Лазарева. Открытие Антарктиды
1820,Волнения в Семеновском полку
1821,Образование тайных Северного и Южного обществ
1823,Образование тайного Общества соединенных славян
1824,Снятие ограничений с крестьянской торговли
1825 – 1855 ,Царствование императора Николая I
"1825, 25 дек.","Восстание в Петербурге, подготовленное членами Северного общества («Восстание декабристов»)"
"1825, 29 дек. – 1826, 3 янв.","Восстание Черниговского полка, подготовленное членами Южного общества"
"1826, 4 апр.",Петербургский протокол России и Великобритании с требованием к Турции предоставить автономию Греции
1826 – 1830 ,Составление Полного свода законов Российской империи
1826,Учреждение Корпуса жандармов и Третьего отделения Собственной его императорского величества канцелярии (орган тайной полиции). Ужесточение цензуры («чугунный» устав)
"1826, июн. – 1828, янв.",Русско-персидская война
"1826, 13 июл.","Казнь декабристов М. П. Бестужева-Рюмина, П. Г. Каховского, 
С. И. Муравьева-Апостола, П. И. Пестеля, К. Ф. Рылеева"
"1826, 25 сен. (11 окт.)","Аккерманская конвенция между Россией и Турцией. Признание Турцией присоединения Сухуми к России, восстановление автономии Дунайских княжеств, признание автономии Сербии"
"1827, 24 июн. (6 июл.)","Лондонская конвенция между Россией, Великобританией и Францией об автономии Греции и совместных действиях против Турции"
"1827, 1 окт.",Взятие Эривани русскими войсками под командованием И. Ф. Паскевича
"1827, 
8 (20) окт.",Наваринское сражение. Уничтожение соединенной англо-русско-французской эскадрой турецкого флота
1827,Основание Гельсингфорского университета
"1828, 
10 (22) фев.",Туркманчайский мир между Россией и Персией. Присоединение Восточной Армении к России
"1828, апр. – 1829, сен.",Русско-турецкая война
"1829,
2 (14) сен.","Адрианопольский мир между Россией и Турцией. Переход к России устья Дуная и Черноморского побережья Кавказа (от Кубани до Поти). Право прохода русских судов через проливы. Признание автономии Греции, Сербии, Молдавии и Валахии"
1829,Первая Всероссийская мануфактурная выставка
"1830, ноя. – 1831, окт.",Польское восстание
1830 – 1831 ,Эпидемия холеры. «Холерные бунты» в ряде губерний
1830 – 1837 ,Деятельность кружка Н. В. Станкевича в Москве
1830 – 1834 ,Деятельность кружка А. И. Герцена и Н. П. Огарева в Москве
1831,Восстание в военных поселениях Новгородской губернии
1832,"Выдвижение министром народного просвещения графом С. С. Уваровым формулы «Православие, самодержавие, народность», ставшей основы теории «официальной народности»"
"1832, фев.","Замена Конституции Царства Польского «Органическим статусом», ограничившим автономию Польши в рамках Российской империи"
1833,Запрет продажи крепостных с публичного торга
1833,Манифест о введение в действие (с 1835) «Свода законов российской империи»
"1833, 26 июн. (8 июл.)",Ункяр-Искелесийский договор между Россией и Турцией об оборонительном союзе
1834,Основание Киевского университета
1834 – 1859 ,Имамат Шамиля в Дагестане и Чечне
1835,Новый университетский устав. Упразднение университетской автономии
1837,Открытие первой в России железной дороги (между Петербургом и Царским Селом)
1837 – 1841 ,"Реформа управления государственными крестьянами (реформа графа 
П. Д. Киселева). Учреждение Министерства государственных имуществ"
1839 – 1840 ,Хивинский поход генерала В. А. Перовского
1839 – 1843 ,Денежная реформа графа Е. Ф. Канкрина. Введение серебряного рубля в качестве основы денежного обращения
1840 – 1843 ,«Картофельные бунты» государственных крестьян
1840,"Отмена Литовского статута, действовавшего с 1588. Распространение на западные губернии общероссийских законов"
1842,"Закон об обязанных крестьянах, в соответствии с которым крестьяне могли с согласия помещика получать личную свободу и землю в наследственное пользование"
1843,Создание Шестого отделения Собственной его императорского величества канцелярии по вопросам управления Закавказьем
1845 – 1849 ,Деятельность в Петербурге кружка М. В. Петрашевского
1845 – 1847 ,"Деятельность в Киеве тайного Кирилло-Мефодьевского, выступавшего за отмену крепостного права и создание славянской федерации"
1840-е гг.,Начало полемики между «западниками» и «славянофилами»
"1848, фев.",Мобилизационные мероприятия русской армии в связи с революцией во Франции. Учреждение негласного комитета по наблюдению за цензурой
"1848, мар.",Приказ императора Николая I о возвращении всех русских подданных из Франции. Запрет на публикацию в печати сообщений из Европы 
"1848, апр.",Создание комитета для высшего надзора за духом и направлением печатаемых в России произведений («Бутурлинский комитет»)
"1849,
май – авг.","Поход русской армии под командованием И. Ф. Паскевича для подавления революции в Венгрии, предпринятый по просьбе австрийского правительства"
1849 – 1855 ,"Экспедиция капитана Г. И. Невельского на Дальний Восток, исследование устья Амура, основание Николаевска (1850). Объявление Приамурья и Сахалина владениями России"
1851,Открытие железной дороги Петербург-Москва (с 1855 – Николаевская железная дорога)
1852 – 1853 ,Миссия Е. В. Путянина в Японию. «Открытие» Японии для России
"1853, фев.",Создание в Лондоне «Вольной русской типографии» А. И. Герцена
1853,Кокандский поход генерала В. А. Перовского
"1853, июн.",Вход русских войск в Дунайские княжества. Обострение русско-турецких отношений.
"1853, окт. – 1856, мар.",Крымская (Восточная) война
"1853, 18 ноя.",Разгром русским флотом под командованием П. С. Нахимова Турецкого флота в Синопской бухте
"1853, дек.","Фактическое вступление Великобритании и Франции в Крымскую войну. 
Англо-французский флот вошел в Черное море (23 декабря)"
1854,"Основание Заилийского военного укрепления (Верный, современная Алма-Ата)"
"1854, 9 фев.",Объявление Россией войны Великобритании и Франции
"1854, июн.",Вывод русских войск из Молдавии и Валахии
"1854, авг.",Оборона Петропавловска-Камчатского от англо-французского десанта
"1854, сен.",Высадка англо-французских войск в Крыму
"1854, сен. – 1855, сен.","Оборона Севастополя под руководством В. А. Корнилова и П. С. Нахимова 
(взят англо-французскими войсками 28 сентября 1855)"
1855 – 1881 ,Царствование императора Александра II
"1855, 16 ноя.",Взятие русскими войсками под командованием Н. Н. Муравьева крепости Карс в Закавказье
"1856, 
18 (30) мар.","Парижский мир, завершивший Крымскую войну. Нейтрализация Черного моря с запрещением России и Турции держать на нем военный флот, отмена исключительного протектората России над Дунайскими княжествами"
"1856, авг.",Амнистия ссыльным декабристам
1857,Ликвидация военных поселений
1857 – 1858 ,Миссия Е. В. Путянина в Китай
1858,Образование Главного комитета по крестьянскому вопросу. Образование губернских комитетов для подготовки крестьянской реформы
"1858,
16 (28) мая","Айгунский договор между Россией и Китаем. Объявление левого берега Амура (от реки Аргунь до устья) владением России, земель от реки Уссури до Тихого океана совместным владением"
"1859, мар.","Создание Редакционных комиссий для рассмотрения проектов крестьянской реформы, представленных губернскими комитетами"
1859,Занятие русскими войсками всей территории Чечни и Нагорного Дагестана. Пленение Шамиля
1860,Создание Государственного банка
1860,Основание Владивостока
"1860,
2 (14) ноя.","Пекинский трактат России и Китая. Закрепление за Россией Уссурийского края. Открытие для русских купцов Пекина, Урги, Кантона и Кашгара"
"1861, 19 фев.",Манифест об освобождении крестьян от крепостной зависимости
"1861, апр.",Волнения крестьян села Бездна Казанской губернии
1861 – 1864 ,Деятельность тайного общества «Земля и воля»   
1861,Студенческие волнения в Петербурге и Москве против ограничения прав студентов. Временное закрытие (20 декабря) Петербургского университета
1862 – 1874 ,Военные реформы Д. Н. Милютина
1863,Отмена винных откупов и введение акциза. Отмена телесных наказаний
"1863, июн.",Новый университетский устав. Восстановление автономии университетов
"1863, июн.",Положение о поземельном устройстве для удельных крестьян
1863 – 1864 ,Польское восстание
1863 – 1866 ,Деятельность кружка Н. А. Ишутина и И. А Худякова («ишутинцы») 
1864,Земская реформа. Судебная реформа (введение суда присяжных). Реформа среднего образования
1864 – 1868 ,Война с Кокандским ханством и Бухарским эмиратом
"1865, 6 апр.",Принятие «Временных правил о печати»
1865,Основание Новороссийского университета (в Одессе)
1866,Закон о поземельном устройстве государственных крестьян
"1866, 4 апр.","Покушение на императора Александра II, совершенное членом ишутинского кружка Д. В. Каракозовым"
"1867,
18 (30) мар.",Договор о продаже Россией Аляски и Алеутских островов США
1868,«Бухарский поход» генерал-губернатора Туркестанского края К. П. Кауфмана
"1868, авг.",Договор с Бухарой. Установление протектората России над Бухарским ханством
1869 – 1874 ,Деятельность в Петербурге народнического кружка «чайковцев»
1870,Городская реформа. Замена сословных городских дум всесословными
"1870, 19 окт.",Циркуляр министра иностранных дел А. М. Горчакова об отказе России от условий Парижского мира (1856) об ограничении ее прав на Черном море
1870 – 1888 ,"Экспедиции Н. М. Пржевальского в Центральную Азию, Китай, Монголию и Тибет"
"1871, 
1 (13) мар.",Лондонская конвенция об отмене ограничений прав России и Турции на Черном море (по Парижскому миру 1856)
1872 – 1873 ,«Хивинский поход» К. П. Кауфмана
1872,Стачка на Кренгольмской мануфактуре
"1872, июн.",Учреждение «Особого присутствия правительствующего Сената» для суда по государственным преступлениям
"1873, 25 мая",Шёнбруннское соглашение между императорами России и Австро-Венгрии о совместных действиях в случае нападения на одну из стран
"1873, авг. ",Договор с Хивой. Установление Протектората России над Хивинским ханством
"1873, 11 окт.","Присоединение императора Германии к Шёнбруннскому соглашению 
(25 мая 1873). Окончательное оформление «Союза трех императоров»"
1873 – 1875 ,«Хождение в народ»
"1875, 25 апр. (7 мая)","Петербургский договор с Японией о передаче России острова Сахалин в обмен на 18 Курильских островов, отошедших к Японии"
"1876, фев.",Присоединение Кокандского ханства к Российской империи
"1876, 6 дек.",Студенческая демонстрация у Казанского собора в Петербурге («Казанская демонстрация»)
1876,"Объединение народнических кружков в тайное общество, принявшее (1878) название «Земля и воля»"
"1877, 
3 (15) янв.",Будапештская конвенция (секретная) России и Австро-Венгрии об австрийском нейтралитете в случае русско-турецкой войны
1877 – 1878 ,Русско-турецкая война
"1877, 19 июл.",Взятие русскими войсками Шипкинского перевала
1877,«Чигиринский заговор» - неудачная попытка народников поднять крестьянское восстание в Чигиринском уезде Киевской губернии
"1877, 6 ноя.",Взятие русскими войсками турецкой крепости Карс
"1877,
июл. – ноя.",Осада и взятие русскими войсками крепости Плевна
"1877, 
27 – 28 дек.","Победа русских войск под командованием Н. И. Святополк-Мирского и 
М. Д. Скобелева при Шипке-Шейново"
1877 – 1878 ,«Процесс 193-х» над участниками «хождения в народ»
"1878, 8 янв.",Взятие русскими войсками Адрианополя
"1878, 19 фев. (3 мар.)",Подписание Сан-Стефанского мирного договора с Турцией
"1878, 
мар. – апр.","Процесс по делу В. И. Засулич, покушавшейся (24 января 1878) на петербургского градоначальника Ф. Ф. Трепова. Оправдательный приговор "
"1878, 
1 (13) июн. – 1 (13) июл.","Берлинский конгресс, созванный для пересмотра условий Сан-Стефанского мира (1878)"
"1878, 4 авг.","Убийство С. М, Кравчинским шефа жандармов, генерала Н. В. Мезенцова. Передача дел о государственных преступлениях в военные суды"
1878 – 1880 ,Деятельность в Петербурге Северного союза русских рабочих
"1879, 2 апр.",Покушение А. К. Соловьева на императора Александра II в Петербурге 
"1879, авг.",Раскол «Земли и воли» на «Народную волю» и «Черный передел»
"1879, 20 сен.
(2 окт.)","Подписание в Ливадии предварительного русско-китайского договора о возврате Китаю Кашгара, выплате Китаем 5 млн. рублей, праве беспошлинной торговле русских в Монголии и Западном Китае"
1879 – 1881 ,Конфликт России с Китаем из-за отказа ратифицировать Ливадийский договор
"1880, 5 фев.","Взрыв в Зимнем дворце (покушение на императора Александра II, подготовленное С. Н. Халтуриным)"
"1880, 12 фев.","Учреждение Верховной распорядительной комиссии во главе с 
М. Т. Лорис-Меликовым"
"1880, 6 авг.","Упразднение верховной распорядительной комиссии и Третьего отделения, функции которых переданы Министерству внутренних дел во главе с 
М. Т. Лорис-Меликовым "
"1881, 1 мар.",Убийство императора Александра II народовольцами
1881 – 1894 ,Правление императора Александра III
"1881, 
мар. – апр.",Процесс «первомартовцев». Казнь организаторов покушения на императора Александра II
"1881, 29 апр.",Манифест императора Александра III «О незыблемости самодержавия»
"1881, 14 авг.",Положение «О мерах к охранению государственной безопасности и общественного спокойствия»
"1881, 28 дек.",Закон о прекращении временнообязанных отношений крестьян с помещиками и об обязательном выкупе земельных наделов 
1882 – 1886 ,Принятие фабричных законов
1882,Учреждение Крестьянского Поземельного банка
1882,Закон об ограничении детского труда. Создание фабричной инспекции для контроля за соблюдением фабричных законов
1882,Отмена подушной подати в Европейской России (с 1899 – в Сибири) 
"1882, 27 авг.",Принятие новых «Временных правил о печати»
1883,"Образование в Женеве группы «Освобождение труда» (Г. В. Плеханов, 
П. Б. Аксельрод, Л. Г. Дейч, В. И. Засулич, В. Н. Игнатов). Первые марксистские кружки в России (группа Д. Благоева в Петербурге)"
"1884, 23 авг.",Новый университетский устав. Отмена университетской автономии
"1855, янв.",Стачка на Морозовской фабрике в Орехово-Зуеве
1885,Учреждение Дворянского земельного банка
"1885, июн.",Закон о запрещении ночной работы женщин и подростков на промышленных предприятиях
"1885, 29 авг.",Подписание англо-русского протокола об установлении российско-афганской границы
"1886, мар.",Закон об ограничении семейных разделов крестьян
"1886, июн.",Закон об обязательном выкупе земельных наделов бывшими государственными крестьянами. Положение о найме сельскохозяйственных рабочих
"1887, 1 мар.",Попытка членов Террористической фракции «Народной воли» организовать покушение на императора Александра III
"1887,
6 (18) июн.",Секретный договор о взаимном нейтралитете России и Германии («перестраховочный договор»; действовал до 1890)
"1889, мар.",Вооруженное выступление политических ссыльных в Якутске («Якутская трагедия»)
1889,Закон об ограничении миграции населения
1889 – 1892 ,Деятельность социал-демократической группы М. И. Бруснева в Петербурге
1889,«Карийская трагедия» (массовое самоубийство политических каторжан на Карийской Каторге)
"1890, 12 июн.",Положение о земских учреждениях (Земская контрреформа)
"1891, 17 мар.",Императорский рескрипт о начале строительства Великой Сибирской магистрали
"1891,
15 (27) авг.",Заключение секретного русско-французского консультативного пакта
1891,Голод в 20 губерниях черноземной зоны
1891,Установление покровительственного общего таможенного тарифа; русско-германская таможенная война (1892 – 1894) 
"1892, 11 июн.",Городская контрреформа: исключение приказчиков и мелких лавочников из числа избирателей
"1892,
5 (11) авг.",Секретная русско-французская военная конвенция (основа русско-французского союза)
"1893, 8 июл.",Закон об ограничении земельных переделов в крестьянской общине
"1893, 14 дек.",Запрет на продажу и залог общинных земель и крестьянских наделов
1894,"Заключение торгового договора с Германией, выгодного для России"
1894,Введение государственной винной монополии
1894 – 1917 ,Царствование императора Николая II
1895,Русско-британский договор об установлении границы между Россией и Афганистаном на Памире по реке Пяндж
"1895,
ноя. – дек.",Объединение марксистских кружков в Петербурге в «Союз борьбы за освобождение рабочего класса» во главе с В. И. Лениным
"1896, 22 мая",Подписание в Москве русско-китайского договора об оборонительном союзе против Японии. Договор о постройке Китайско-Восточной железной дороги (КВЖД)
1897,Первая всеобщая перепись населения
1897,Денежная реформа С. Ю. Витте: введение золотого денежного обращения
"1897, 
апр. – май",Договор с Австро-Венгрией о сохранении статус-кво на Балканах
"1897, 2 июл.","Закон об ограничении рабочего дня на фабриках 11,5 часами"
1897 – 1901 ,Строительство КВЖД
"1898, мар.","Образование Российской социал-демократической рабочей партии (РСДРП). 
1-ый съезд РСДРП в Минске"
"1898, 
15 (27) мар.","Русско-китайская конвенция об аренде Россией Ляодунского полуострова 
(с Порт-Артуром) сроком на 25 лет"
1899,Закон о временно-заповедных имениях (поддержка дворянского землевладения)
"1899,
16 (28) апр.",Русско-британская конвенция о размежевании сфер железнодорожного строительства в Китае
"1899, 
6 – 17 июн.","Гаагская мирная конференция. По инициативе России приняты Конвенции о мирном разрешении международных споров, о законах и обычаях сухопутной войны"
1899 – 1903 ,Промышленный кризис
1900 –1901 ,Участие России в подавлении восстания ихэтуаней в Китае. Ввод русских войск в Манчжурию для защиты КВЖД 
1901 – 1902 ,Создание Партии социалистов-революционеров (эсеров)
1901,"Создание профессиональных рабочих организаций, действовавших под контролем охранных отделений полиции"
"1901, 14 фев."," Покушение эсера П. В. Карповича на министра народного просвещения 
Н. П. Боголепова"
"1901, 7 мая",Столкновения рабочих Обуховского завода в Петербурге с полицией («Обуховская оборона»)
"1902, 26 мар. (8 апр.)",Русско-китайское соглашение о поэтапном выводе русских войск из Манчжурии
"1902, 
мар. – апр.",Крестьянские волнения в Харьковской и Полтавской губерниях
"1902, 2 апр.",Убийство министра внутренних дел Д. С. Сипягина эсером С. В. Балмашевым 
"1902, 
23 – 26 июн.",Собрание представителей земств в Москве. Принятие программы умеренно-либеральных реформ
"1902, июл.","Создание «Общества для продажи изделий русских металлургических изделий» («Продамет»), одного из первых синдикатов"
"1902, ноя.",Массовая стачка в Ростове-на-Дону
1902,"Завершение строительства Транссибирской магистрали, связавшей Европейскую Россию с Дальним Востоком"
"1903, 26 фев.",Высочайший манифест о неприкосновенности общинного землевладения и праве на аренду крестьянами земельных участков за пределами общинных земель
"1903, июн.",Введение ответственности предпринимателей за несчастные случаи с рабочими. Учреждение должности представителя рабочих на промышленных предприятиях
"1903,
июл. – авг.",Массовые стачки на предприятиях Юга России
"1903, 
июл. – авг.","2-й съезд РСДРП (Брюссель, Лондон). Раскол партии на «большевиков» (во главе с В. И. Лениным) и «меньшевиков» (во главе с Л. Мартовым)"
"1903, авг.",Отставка С. Ю. Витте с поста министра финансов и назначение его председателем Кабинета министров
"1904, 2 янв.",Разрыв Японией дипломатических отношений с Россией
"1904,
26 – 27 янв.",Начало русско-японской войны. Гибель Крейсера «Варяг» и канонерской лодки «Кореец» в бухте Чемульно у берегов Кореи
"1904,
27 янв. – 
20 дек.",Оборона военно-морской крепости Порт-Артур
"1904, янв.","Создание «Союза освобождения», объединившего представителей либеральной оппозиции"
"1904, 15 июл.",Убийство министра внутренних дел В. К. Плеве эсером Е. С. Созоновым
"1904, 
11 – 21 авг. ",Ляоянская операция. Поражение русских войск
"1904, 12 дек.","Высочайший указ, содержавший программу умеренных реформ"
"1904, 20 дек.",Падение Порт-Артура
"1905, 3 янв.",Забастовка на Путиловских заводах в Петербурге
"1905, 9 янв.","«Кровавое воскресенье». Расстрел правительственными войсками демонстрации петербургских рабочих, направлявшихся с петицией к императору. Начало первой революции в России"
"1905, янв.",Массовые политические выступления рабочих в различных районах страны
"1905, 4 фев.",Убийство великого князя Сергея Александровича эсером И. Каляевым
"1905, 18 фев.",Высочайший манифест с призывом к восстановлению порядка. Заявление о  намерении правительства привлекать к разработке законов выборных народных представителей
"1905, 25 фев.",Поражение русских войск под Мукденом
"1905,
8 – 9 мая","Учредительный съезд «Союза союзов», объединившего профессиональные организации либеральной интеллигенции"
"1905, 
14 – 15 мая",Сражение в Цсусимском проливе. Разгром японским флотом второй Тихоокеанской эскадры под командованием З. П. Рождественского
"1905, май",Создание в ходе забастовки в Иваново-Вознесенске первого рабочего Совета 
"1905, 14 июн.",Мятеж на броненосце «Князь Потемкин Таврический» на Одесском рейде. Волнения в Одессе
"1905, лето","Крестьянские волнения, в ряде регионов перешедшие в восстания"
"1905, 6 авг.",Положение об образовании Государственной думы с совещательными правами
"1905, 23 авг.","Портсмутский мирный договор между Россией и Японией (заключен при посредничестве президента США Т. Рузвельта). Россия уступала Японии 
Порт-Артур и Южный Сахалин"
"1905, 8 окт.","Забастовка железнодорожников, переросшая во Всероссийскую политическую стачку"
"1905,
12 – 18 окт.","Учредительный съезд Конституционно-демократической (кадетской) партии, созданной на базе Союза освобождения"
"1905, 17 окт.",Высочайший манифест о даровании гражданских свобод и придании Государственной думе законодательных полномочий
"1905, 19 окт.",Образование Совета министров во главе с С. Ю. Витте
"1905, 
25 – 28 окт.",Восстание в Кронштадте
"1905, окт.",Создание Союза русского народа (партия крайне правого толка)
"1905, 3 ноя.",Высочайший манифест об уменьшении выкупных платежей крестьян
"1905, 10 ноя.",Создание праволиберальной партии «Союз 17 октября» (октябристы)
"1905, ноя.",Мятеж на кораблях Черноморского флота и в Севастопольском гарнизоне
"1905, 21 ноя.",Создание Московского совета
"1905, 
8 – 19 дек.",Вооруженное восстание в Москве. Уличные бои в районе Пресни
"1906, 20 фев.","Высочайший указ о преобразовании Государственного совета в верхнюю палату, работающую параллельно с Государственной думой"
"1906, 4 мар.","Издание временных правил, разрешающих создание политических союзов и профессиональных организаций"
"1906, 16 апр.","Отставка С. Ю. Витте. Назначение председателем Совета министров 
И. Л. Горемыкина"
"1906, 23 апр.",Издание «Основных государственных законов Российской империи» (определение полномочий Государственного совета и Государственной думы)
"1906, 27 апр.",Открытие заседаний1-й Государственной думы
"1906, 5 мая",Думский адрес императору с требованием введения конституционного правления
"1906, лето",Массовые крестьянские волнения
"1906, 8 июл.","Отставка И. Л. Горемыкина. Назначение министра внутренних дел 
П. А. Столыпина председателем Совета министров"
"1906, 9 июл.",Роспуск 1-й Государственной думы
"1906, 10 июл.",Выборгское воззвание 182 депутатов Государственной думы. Призыв к населению не платить налогов и не отдавать солдат в армию до созыва новой Государственной думы
"1906, 
17 – 20 июл.","Вооруженные мятежи в Свеаборге, Кронштадте и Ревеле"
"1906, 12 авг.",Покушение на П. А. Столыпина
"1906, 19 авг.",Учреждение военно-полевых судов
"1906, 5 окт.","Предоставление крестьянам равных с другими сословиями прав в отношении государственной службы, выбора местожительства; отмена телесных наказаний по приговорам волостных судов"
"1906, 9 ноя.","Высочайший указ, предоставлявший крестьянам право свободного выхода из общины с принадлежащим им земельным наделом. Начало аграрной реформы 
П. А. Столыпина"
1906,Завершение строительства нефтепровода Баку-Батум
"1907, 20 фев.",Открытие заседаний 2-й Государственной думы и новый избирательный закон
"1907, 18 авг.","Русско-английское соглашение о разделе сфер влияния в Иране, Афганистане и других районах Азии. Окончательное оформление англо-русско-французского союза (Антанта)"
"1907, 1 ноя. – 1912, 9 июн.",Работа 3-й Государственной думы
"1908, мар.",Создание в Петербурге Союза Михаила Архангела
1909,Основание Саратовского университета
"1910, 14 июн.","Принятие Государственной думой закона «Об изменении и дополнении некоторых установлений о крестьянском землевладении» (по инициативе 
П. А. Столыпина)"
"1910, 21 июн.","Соглашение с Японией. Фактическое согласие России на аннексию Кореи Японией, признание Внешней Монголии сферой интересов России"
1910,Учреждение Русско-Азиатского банка
"1911, 1 сен.",Покушение Д. Багрова на П. А. Столыпина в Киеве (скончался 5 сентября 1911)
"1911, 11 сен.",Назначение В. Н. Коковцева председателем Совета министров
"1912, 4 апр.",Расстрел бастующих рабочих на Ленских приисках
1912,Усиление влияния Г. Е. Распутина при дворе («распутинщина»)
"1912, 25 июн.",Секретная русско-японская конвенция о разделе сфер влияния в Северо-Восточном Китае и Внутренней Монголии
"1912, 21 окт.",Соглашение с Монголией об автономии Внешней Монголии
"1912, 5 ноя.",Открытие заседаний 4-й Государственной Думы
1913,Принятие «Большой военной программы» (по реорганизации и перевооружению армии к 1917)
"1913, 
сен. – окт.","Судебный процесс в Киеве по делу М. Бейлиса, обвиненного в ритуальном убийстве (вынесение оправдательного приговора)"
"1914, 30 янв.","Отставка В. Н. Коковцева. Назначение председателем Совета министров 
И. Л. Горемыкина"
"1914, июн.",«Сараевский кризис» (после убийства наследника австро-венгерского престола Франца-Фердинанда)
"1914, 
7 – 10 июл.",Визит в Петербург президента Франции Р. Пуанкаре. Подтверждение франко-русского союза
"1914, 19 июл.",Объявление Германией войны России. Начало 1-й мировой войны
"1914, 24 июл.",Объявление Австро-Венгрией войны России
"1914,
июл. – авг.",Создание Земского союза и Всероссийского союза городов
"1914, 3 авг.",Назначение великого князя Николая Николаевича Главнокомандующим русской армии
"1914,
4 авг. – 2 сен.",Восточно-Прусская операция
"1914,
5 авг. – 8 сен.",Галицийская битва
"1914, 
15 сен. – 
26 окт.",Варшавско-Ивангородская операция
"1914, 20 окт.",Объявление Россией войны Турции
"1914, 
20 окт. – 
11 ноя.",Лодзинская операция
"1914, ноя.",Арест членов большевистской фракции в Государственной думе
"1915,
мар. – апр.",Соглашения с Великобританией и Францией о передаче России Константинополя и Черноморских проливов после окончания войны
"1915, апр.",Отступление русских войск из Галиции (Горлицкий прорыв)
"1915, 25 мая",Кяхтинский договор с Китаем и Монголией о невмешательства во внутренние дела последней
"1915, 10 июл.",Образование объединенного комитета Земского и Городского союзов (Земгор)
"1915, июл.",Отступление русских войск из Царства Польского
"1915, авг.","Оформление «Прогрессивного блока» в Государственной думе (вошли «прогрессивные» националисты, октябристы, кадеты, «прогрессисты» и др.) Учреждение «Особых совещаний» при императоре"
"1915, 26 авг.",Принятие Николаем II обязанностей Верховного главнокомандующего
1915,Эвакуация Варшавского университета в Ростов-на-Дону (с 1931 Ростовский университет)
"1916, 20 янв.","Отставка И. Л. Горемыкина. Назначение председателем Совета министров 
Б. В. Штюрмера "
"1916, 3 фев.",Взятие русскими войсками Эрзерума
"1916, 5 апр.",Взятие русскими войсками Трапезунда
"1916,
май – июл.",Наступление войск Юго-Западного фронта («Брусиловский прорыв»)
"1916, июл. – 1917, янв.",Восстание в Туркестане (после высочайшего указа о призыве жителей Туркестана на принудительные работы)
"1916, 10 окт.","Отставка Б. В. Штюрмера. Назначение председателем Совета министров 
А. Ф. Трепова"
"1916, 17 дек.",Убийство Г. Е. Распутина
"1916, 27 дек.","Отставка А. Ф. Трепова. Назначение председателем Совета министров князя 
Н. Д. Голицына"
1916,Открытие в Перми отделения Петроградского университета (с мая 1917 Пермский университет) 
"1917, фев.",Введение в Петрограде карточной системы распределения хлеба и других продуктов. Начало «хлебных беспорядков»
"1917, 18 фев.","Начало забастовки на Путиловском заводе в Петрограде. Объявление локаута 
(22 февраля)"
"1917, 23 фев.",Массовые демонстрации в Петрограде в международный день женщин-пролетарок
"1917, 25 фев.",Всеобщая забастовка в Петрограде. Высочайший указ о роспуске 4-й Государственной думы. Отказ думы выполнить этот указ. Приказ Николая II о подавлении беспорядков в столице
"1917, 26 фев.",Расстрел демонстраций в Петрограде
"1917, 27 фев.",Массовый переход солдат Петроградского гарнизона на сторону демонстрантов. Захват Зимнего дворца. Образование членами «Прогрессивного блока» Временного комитета Государственной думы под председательством М. В. Родзянко. Образование представителями партий социалистической ориентации Петроградского совета рабочих депутатов (Петросовета) под председательством лидера меньшевистской фракции в Думе Н. С. Чхеидзе
"1917, 
28 фев. – 
2 мар.",Восстания на кораблях Балтийского флота. Образование Московского совета рабочих депутатов
"1917, 2 мар.",Образование Временным комитетом Государственной думы Временного правительства во главе с князем Г. Е. Львовым 
"1917, 2 мар.",Отречение императора Николая II в пользу великого князя Михаила Александровича
"1917, 3 мар.",Отречение Михаила (до решения Учредительного собрания о форме государственного правления)
"1917, 8 мар.",Арест императорской семьи
"1917, 11 мар.",Назначение генерала М. В. Алексеева Верховным главнокомандующим
"1917, 12 мар.",Отмена смертной казни
"1917, 17 мар.",Признание Временным правительством права Польши на независимость
"1917, 20 мар.",Отмена национальных и вероисповедальных ограничений
"1917, 25 мар.",Введение государственной хлебной монополии
"1917, 3 апр.","Возвращение из эмиграции группы большевистских лидеров во главе с 
В. И. Лениным"
"1917, 12 апр.",Закон о свободе собраний и союзов
"1917, апр.","Политический кризис, вызванный нотой министра иностранных дел 
П. Н. Милюкова (18 апреля) правительствам стран Антанты с подтверждением готовности России вести войну до победного конца. Массовые демонстрации в Петрограде. Отставка Милюкова (2 мая) и военного министра А. И. Гучкова"
"1917,
24 – 29 апр.",7-я конференция РСДРП (большевиков). Принятие программы В. И. Ленина (выдвинутой 4 апреля 1917) (отказ от поддержки Временного правительства и переход всей власти к Советам)
"1917, 5 мая",Образование коалиционного Временного правительства с участием представителей Петросовета
"1917, 22 мая",Отставка М. В. Алексеева и назначение А. А. Брусилова на пост верховного главнокомандующего
"1917,
3 – 24 июн.",1-й Всероссийский съезд Советов рабочих и солдатских депутатов. Образование Всероссийского центрального исполнительного комитета (ВЦИК) под председательством Н. С. Чхеидзе
"1917, 10 июн.",Провозглашение Центральной Радой (образована в Киеве 4 марта) независимости Украины
"1917, 18 июн.",Начало неудачного наступления русских войск в Галиции
"1917, 
3 – 4 июл.","Демонстрации вооруженных солдат, матросов и рабочих в Петрограде под лозунгом «Вся власть Советам!». Попытка большевиков начать вооруженное восстание против Временного правительства"
"1917, 7 июл.",Распоряжение временного правительства об аресте В. И. Ленина 
"1917, 
7 – 8 июл.",Отставка князя Г. Е. Львова и назначение А. Ф. Керенского (один из лидеров трудовиков) на пост министра председателя Временного правительства 
"1917, 12 июл.",Восстановление смертной казни на фронте
"1917, 18 июл.","Смещение А. А. Брусилова и назначение Верховным главнокомандующим 
Л. Г. Корнилова "
"1917, 
1 – 15 авг.",Государственное совещание в Москве 
"1917, 15 авг. – 1918, 1 сен.",Собор Русской православной церкви в Москве. Восстановление патриаршества. Избрание патриархом митрополита Тихона (5 ноября)
"1917, 21 авг. ",Взятие Риги германскими войсками
"1917, 
25 – 30 авг.","Мятеж Л. Г. Корнилова, потребовавшего передачи ему всей власти. Отставка 
(27 августа) и арест (1 сентября) Корнилова. Принятие А. Ф. Керенским обязанностей Верховного главнокомандующего "
"1917, 1 сен.","Образование Директории во главе с А. Ф. Керенским, взявшей на себя управление страной до создания нового правительства. Провозглашение России республикой"
"1917, сен.",Завоевание большевиками большинства в Петроградском и Московском советах. Избрание большевиков В. П. Ногина и Л. Д. Троцкого председателями Московского и Петроградского советов
"1917, 
14 – 22 сен. ",Демократическое совещание в Петрограде. Образование Временного совета Российской республики (Предпарламента)
"1917, 10 окт.",Решение ЦК РСДРП(б) о вооруженном восстании (подтверждено 16 октября на расширенном заседании ЦК)
"1917, 12 окт.","Создание Военно-революционного комитета (ВРК) Петросовета, в состав которого вошли большевики и левые эсеры"
"1917, 22 окт.",Массовые митинги в Петрограде в поддержку Петросовета
"1917, 24 окт.",Решение ЦК РСДРП(б) о начале вооруженного восстания. Захват частями ВРК почты и телеграфа
"1917, 25 окт.",Отъезд А. Ф. Керенского в войска. Арест членов Временного правительства
"1917, 
25 – 26 окт.",2-й Всероссийский съезд Советов. Принятие декретов о мире и о земле. Уход меньшевиков и правых эсеров со съезда (в знак протеста «против военного заговора и захвата власти»). Образование состоящего только из большевиков Временного рабоче-крестьянского правительства – Совета народных комиссаров (СНК) во главе с В. И. Лениным. Избрание ВЦИК во главе с большевиком Л. Б. Каменевым
"1917, 
26 окт. – 
1 ноя.",Поход генерала П. Н. Краснова на Петроград. Провал похода и арест Краснова
"1917, окт. – 1918, янв.",Установление власти Советов в основных центрах России
"1917, 2 ноя.",Принятие СНК «Декларации прав народов России»
"1917, 2 ноя.",Создание генералом М. В. Алексеевым организации офицеров и юнкеров в Новочеркасске. Начало Белого движения
"1917, 3 ноя.","Назначение Верховным главнокомандующим (Главковерхом) генерала 
Н. Н. Духонина"
"1917, 8 ноя.","Избрание председателем ВЦИК большевика Я. М. Свердлова (вместо 
Л. Б. Каменева). Нота СНК послам стран Антанты с предложением о заключении перемирия с Германией и ее союзниками"
"1917, 9 ноя.","Назначение Главковерхом прапорщика Н. В. Крыленко (после смещения генерала Н. Н. Духонина, отказавшегося от переговоров с германским командованием)"
"1917, 10 ноя.",Декрет ВЦИК об упразднении сословий и гражданских чинов
"1917, 12 ноя.","Начало выборов в Учредительное собрание (из 715 мест 370 получили эсеры, 
175 – большевики, 40 – левые эсеры, 15 меньшевики)"
"1917, 17 ноя.",Начало национализации промышленных предприятий
"1917, 
19 – 20 ноя.",Захват большевиками Ставки в Могилеве. Убийство генерала Н. Н. Духонина
"1917, 28 ноя.",Декрет СНК об объявлении кадетской партии партией «врагов народа» и аресте ее лидеров
"1917, 2 дек.",Создание Высшего совета народного хозяйства (ВСНХ)
"1917, 2 дек.",Заключение на переговорах в Бресте (начались 20 ноября) перемирия со странами германского блока
"1917, 3 дек.",Решение СНК о признании независимости Украины
"1917, 7 дек.",Создание Всероссийской чрезвычайной комиссии по борьбе с контрреволюцией и саботажем (ВЧК) во главе с Ф. Э. Дзержинским
"1917, 9 дек.",Создание правительственной коалиции большевиков и левых эсеров
"1917, 18 дек.",Решение СНК о признании независимости Финляндии
"1917, 27 дек.",Создание в Новочеркасске Добровольческой армии
"1918, 
5 – 9 янв.",Расстрел демонстраций в Петрограде и Москве в поддержку Учредительного собрания
"1918, 5 янв.",Открытие Учредительного собрания
"1918, 6 янв.",Разгон учредительного собрания после отказа принять требование большевиков об утверждении представленной ВЦИК «Декларации прав трудящегося и эксплуатируемого народа»
"1918, 
10 – 18 янв.",3-й Всероссийский съезд Советов. Принятие «Декларации прав трудящегося и эксплуатируемого народа». Провозглашение России Советской Федеративной Социалистической Республикой (РСФСР)
"1918, 15 янв.",Декрет СНК об организации Рабоче-Крестьянской Красной Армии (РККА)
"1918, 21 янв.",Аннулирование внешних и внутренних долгов государства
"1918, 
1 (14) фев.",Введение григорианского календаря
"1918, 18 фев.",Наступление германо-австрийских войск по всему фронту
"1918, 3 мар.","Подписание в Бресте мира с Германией и ее союзниками на германских условиях. Отторжение Польши, Латвии, Эстонии, части Белоруссии, признание независимости Украины, вывод русских войск из Финляндии, демобилизация армии"
"1918, 4 мар.",Образование Высшего военного совета во главе с Л. Д. Троцким
"1918, 
6 – 8 мар.",7-й съезд РСДРП(б). Одобрение условий Брестского мира. Решение о переименовании партии в Российскую Коммунистическую Партию (большевиков) – РКП(б)
"1918, мар.",Высадка английского десанта в Мурманске
"1918, 12 мар.",Перенесение столицы РСФСР из Петрограда в Москву
"1918, 14 мар.",4-й Всероссийский съезд Советов. Ратификация Брестского мира. Выход левых эсеров из коалиции с большевиками
"1918, апр.",Высадка японского десанта во Владивостоке и американского – в Мурманске
"1918, 8 апр.",Введение в Красной Армии института военных комиссаров
"1918,
10 – 13 апр.","Штурм Добровольческой армией Екатеринодара. Гибель Л. Г. Корнилова, вступление в командование армией А. И. Деникина"
"1918, 9 мая","Декрет ВЦИК о чрезвычайных мерах по борьбе с «кулачеством», укрывающим хлебные запасы. Начало политики «военного коммунизма»"
"1918, 18 мая",Затопление (по приказу В. И. Ленина) кораблей Черноморского флота
"1918, май","Начало мятежа Чехословацкого корпуса, состоявшего из военнопленных (по всей трассе Транссибирской магистрали)"
"1918, 29 мая",Декрет ВЦИК о принудительном призыве в Красную Армию
"1918, 8 июн.",Создание в Самаре эсеро-меньшевистского правительства – Комитета членов Учредительного собрания (Комуч)
"1918, 13 июн.",Образование Восточного фронта
"1918, 23 июн.",Создание в Омске эсеро-меньшевистского Временного сибирского правительства
"1918, 
4 – 10 июл.",5-й Всероссийский съезд Советов. Принятие Конституции РСФСР
"1918,
6 – 7 июл.",Мятеж левых эсеров в Москве. Убийство германского посла. Подавление мятежа
"1918, 16 июл.",Убийство в Екатеринбурге (с санкции центра) Николая II и членов его семьи
"1918, июл.",Наступление белых армий на Царицын
"1918, авг.",Высадка войск Антанты в Архангельске
"1918, 13 ноя.","Денонсация правительством РСФСР Брестского мира (после подписания перемирия между Германией и странами Антанты, означавшего окончание 1-й мировой войны)"
"1918, 18 ноя.","Установление в Омске диктатуры адмирала А. В. Колчака, провозгласившего себя верховным правителем России"
"1919, янв.",Соглашение генералов А. И. Деникина и П. Н. Краснова о создании Вооруженных Сил Юга России
"1919, 11 янв.",Декрет СНК о продразверстке
"1919, мар.",Образование III (Коммунистического) Интернационала
"1919, мар.",Начало наступления войск А. В. Колчака
"1919, 30 мар.",Избрание М. И. Калинина председателем ВЦИК (Я. М. Свердлов умер 16 марта)
"1919, апр.",Начало контрнаступления Красной Армии против войск А. В. Колчака
"1919, май",Наступление генерала Н. Н. Юденича на Петроград (отражено в конце июня)
"1919, май","Начало наступления генерала А. И. Деникина в направлении Волги. Взятие Харькова (24 июня), Царицына (30 июня), Киева (31 августа)"
"1919, 
июл. – авг.",Наступление Красной Армии на Урале против войск  А. В. Колчака
"1919, 12 сен.",Начало наступления А. И. Деникина на Москву. Взятие Курска (20 сентября) и Орла (13 октября)
"1919, окт.","Начало контрнаступления Красной Армии против войск А. И. Деникина. Взятие Курска (17 ноября), Харькова (12 декабря), Киева (16 декабря)"
"1919, окт. – 1920, янв. ",Экономическая блокада Советской России странами Антанты
"1919, 
окт. – ноя.",Второе наступление Н. Н. Юденича на Петроград и контрнаступление Красной Армии
"1919, 14 ноя.",Занятие Красной Армией Омска
"1920, 4 янв.",Передача А. В. Колчаком верховной власти А. И. Деникину
"1920, 2 фев.",Дерптский (Тартуский) мирный договор с Эстонией
"1920, 
янв. – апр.","Наступление Красной Армии; занятие Царицына, Красноярска, Ростова-на-Дону, Архангельска, Мурманска, Новороссийска "
"1920, 27 мар.",Передача А. И. Деникиным верховной власти П. Н. Врангелю
"1920, 6 апр.",Образование Дальневосточной республики (ДВР)
"1920,
25 апр. – 
12 окт.",Война с Польшей
"1920, 7 мая",Взятие Польскими войсками Киева
"1920, 26 мая","Начало контрнаступления Красной Армии против польских войск. Взятие Житомира, Киева (12 июня), Минска (11 июля)"
"1920, 12 июл.",Мирный договор с Литвой. Признание прав Литвы на Вильно.
"1920, 11 авг.",Рижский мирный договор с Латвией
"1920, авг.",Выход Красной Армии к Варшаве и Львову
"1920, авг. – 1921, июн.",Крестьянское восстание в Тамбовской и Воронежской губерниях под руководством А. С. Антонова. Разгром восстания регулярными частями Красной Армии под командованием М. Н. Тухачевского
"1920, 16 авг.",Переход польских войск в контрнаступление под Варшавой («Чудо на Висле»)
"1920, 14 окт.",Юрьевский (Тартуский) мирный договор с Финляндией
"1920,
28 окт. – 
17 ноя. ","Наступление Красной Армии против войск П. Н. Врангеля. Форсирование Сиваша, взятие Перекопа (7 – 11 ноября), установление советской власти в Крыму. Эвакуация белогвардейских частей из Крыма"
"1920, 
22 – 29 дек.",8-й Всероссийский съезд Советов. Принятие плана электрификации (ГОЭЛРО)
"1920, 28 дек.",Союзный договор с Украинской ССР
1921,Голод в Поволжье
"1921, 16 янв.",Союзный договор с Белорусской ССР
1921,"Договоры о дружбе с Ираном (26 февраля), Афганистаном (28 февраля), Турцией (16 марта)"
"1921, 
8 фев. – 
18 мар.",Кронштадтский мятеж
"1921,
8 – 16 мар.",10-й съезд РКП(б). Решение о переходе к новой экономической политике (НЭП)
"1921, 18 мар.",Рижский мирный договор с Польшей. Закрепление за Польшей Западной Украины и Западной Белоруссии
"1921, 21 мар.",Декрет о замене продразверстки продналогом
"1921, авг.","Постановление ЦК РКП(б) о невозможности пребывания на руководящих постах людей, связанных с религией"
"1921, авг.","Вынесение смертного приговора группе представителей интеллигенции Петрограда (В. Н. Таганцев, Н. С. Гумилев и др.) по обвинению в принадлежности к контрреволюционной боевой организации"
"1921, 5 ноя.",Договор о дружбе и сотрудничестве с Монгольской Народной Республикой 
"1922, 6 фев.",Реорганизация ВЧК в Главное политическое управление (ГПУ; с 1923 - ОГПУ)
"1922, фев.","Начало кампании по конфискации церковных имуществ, сопровождавшейся массовыми репрессиями в отношении священнослужителей"
"1922, 3 апр.","Избрание И. В. Сталина генеральным секретарем ЦК РКП(б). Оформление (в условиях болезни В. И. Ленина) «триумвирата» (И. В. Сталин, Л. Б. Каменев, 
Г. Е. Зиновьев) и начало его борьбы за власть с Л. Д. Троцким"
"1922,
10 апр. – 
19 мая",Генуэзская международная конференция с участием делегации РСФСР (по вопросам возмещения довоенных долгов и др.)
"1922, 16 апр.",Рапалльский договор РСФСР с Германией
"1922, 
9 июн. – 
9 авг.",Судебный процесс над группой эсеров 
"1922, 
15 июн. – 
19 июл.","Гаагская международная конференция с участием делегации РСФСР 
(по вопросам об экономическом сотрудничестве стран Запада с Советской Россией)"
"1922, сен.",Высылка из страны видных деятелей науки и культуры
"1922, 25 окт.",Взятие частями Красной Армии Владивостока
"1922, 15 ноя.",Декрет ВЦИК об объединении ДВР с РСФСР
"1922, 30 дек.","1-й съезд Советов Союза Советских Социалистических Республик (СССР). Союзный договор между РСФСР, Украинской ССР, Белорусской ССР, Закавказской Федерацией об образовании СССР. Избрание ЦИК СССР под председательством М. И. Калинина"
"1923, 15 дек.",Публикация в «Правде» статьи И. В. Сталина о необходимости борьбы с «троцкизмом»
"1924, 21 янв.",Смерть В. И. Ленина
"1924,
26 янв. – 
2 фев.",2-й съезд Советов СССР. Утверждение Конституции СССР. Назначение председателем СНК СССР А. И. Рыкова
"1924, фев.",Денежная реформа. Стабилизация денежной системы
"1924, фев.",Установление дипломатических отношений с Великобританией и Италией. Начало дипломатического признания СССР
"1924, 7 апр.",Смерть патриарха Тихона
"1924, 23 сен.",Закон об обязательной военной службе
1924,Образование Туркменской ССР и Узбекской ССР. Их вхождение в состав СССР (по решению 3-го съезда Советов СССР)
"1925, 
ноя. – дек.","Распад «тройки» (И. В. Сталин, Л. Б. Каменев, Г. Е. Зиновьев). Выступление Сталина (в блоке с Н. И. Бухариным и другими «правыми») против Каменева и Зиновьева, сформировавшими «новую оппозицию» сталинскому курсу"
"1925, 17 дек.",Договор о дружбе и нейтралитете с Турцией
"1925, 
18 – 31 дек.",14-й съезд РКП(б). Закрепление победы группы И. В. Сталина – Н. И. Бухарина. Провозглашение курса на «индустриализацию страны». Переименование РКП(б) во Всесоюзную КП(б)
1926,"Формирование «объединенной оппозиции» во главе с Л. Д. Троцким, 
Л. Б. Каменевым и Г. Е. Зиновьевым. Исключение лидеров оппозиции из руководящих органов партии"
"1926, 24 апр.",Договор о ненападении и нейтралитете с Германией
1926,Договор о нейтралитете и взаимном ненападении с Афганистаном
"1926, 28 сен.",Договор о ненападении с Литвой
"1926, 17 дек.",Всесоюзная перепись населения. Численность населения СССР – 147 миллионов человек
"1926, 19 дек.",Пуск Волховской ГЭС им. В. И. Ленина
"1927, 1 окт.",Договор о гарантиях и нейтралитете с Ираном
"1927, 7 ноя.",Выступление «объединенной оппозиции». Демонстрации сторонников оппозиции в Москве и Ленинграде
"1927,
2 – 19 дек.",15-й съезд ВКП(б). Курс на принудительную «коллективизацию» сельского хозяйства. Разгром «объединенной оппозиции» («троцкистско-зиновьевский блок»)
"1928,
18 мая – 
6 июл.",Судебный процесс по т. н. «Шахтинскому делу» (обвинение группы инженеров и технических специалистов Донбасса в саботаже). 11 смертных приговоров 
"1928, 30 сен.",Публикация в «Правде» статьи Н. И. Бухарина «Заметки экономиста». Начало открытой полемики между «правыми» и И. В. Сталиным
"1928, 6 окт.",Пуск нефтепровода Грозный-Туапсе
"1928, 1 ноя.",Договор о дружбе и торговле с Йеменом
1929,Высылка Л. Д. Троцкого из СССР
"1929,
23 – 29 апр.",16-я конференция ВКП(б). Осуждение «правого уклона». Принятие 1-го пятилетнего плана (1929 – 1932) 
"1929, 27 дек.",Заявление И. В. Сталина о начале «сплошной коллективизации»
"1929, дек.",Преобразование Таджикской АССР (в составе РСФСР) в союзную республику и включение ее в СССР
"1930, 1 янв.",Постановление ЦК ВКП(б) «О темпах коллективизации и мерах помощи государства колхозному строительству» (поставлена задача ускорения коллективизации)
"1930, 30 янв.","Постановление ЦК ВКП(б) «О мероприятиях по ликвидации кулацких хозяйств в районах сплошной коллективизации», санкционировавшее конфискацию имущества, массовую высылку на поселение в необжитые районы и другие репрессивные меры в отношении «кулаков»"
"1930, 2 мар.","Публикация в «Правде» статьи И. В. Сталина «Головокружение от успехов», в которой осуждались «перегибы» в ходе коллективизации, допускавшиеся, якобы, по вине местных властей"
"1930, 14 мар.","Постановление ЦК ВКП(б) «О борьбе с искривлениями партлинии в колхозном движении», развивающее положения статьи И. В. Сталина «Головокружение от успехов»"
"1930,
мар. – июн.",Массовый выход крестьян из колхозов
"1930, 7 апр.","Расширение системы трудовых лагерей, переданных в ведение Главного управления лагерей (ГУЛАГ)"
"1930, 1 мая","Завершение строительства Турксиба – железной дороги, связавшей Сибирь и Среднюю Азию"
"1930, 17 июн.",Вступление в строй Сталинградского тракторного завода
"1930,
26 июн. – 
13 июл.","16-й съезд ВКП(б). Выдвижение лозунга «Пятилетку – в четыре года». Разгром 
т. н. «правой оппозиции»"
"1930, июл.","Публикация сообщения о раскрытии «контрреволюционной» «Трудовой крестьянской партии», руководителями которой объявлены ученые-экономисты Н. Д. Кондратьев, А. В. Чаянов"
"1930, 14 авг.",Постановление ЦИК и СНК СССР о всеобщем бесплатном обязательном начальном образовании
"1930,
25 ноя. – 
7 дек.","Процесс по сфабрикованному делу т. н. «Промпартии», обвиненной в подготовке иностранной интервенции в СССР и осуществлении актов саботажа и диверсий в промышленности и на транспорте"
"1930, 19 дек.",Отставка А. И. Рыкова. Назначение В. М. Молотова председателем СНК СССР 
"1931, 1 янв.",Пуск Ростовского завода сельскохозяйственных машин («Ростсельмаш»)
"1931, мар.",Начало судебного процесса по сфабрикованному делу т. н. «Союзного бюро меньшевиков»
"1931, 24 июн.",Советско-афганский договор о нейтралитете и взаимном ненападении (взамен договора от 31 августа 1926)
1931 – 1933 ,Строительство Беломорско-Балтийского канала с массовым привлечением заключенных ГУЛАГа
"1932, 21 янв.",Договор о ненападении с Финляндией
"1932, 
30 янв. – 
4 фев.","17-я конференция ВКП(б). Принятие директив 2-го пятилетнего плана 
(1933 – 1937)"
"1932, янв.",Пуск Горьковского автомобильного завода (ГАЗ) и Магнитогорского металлургического комбината
"1932, мар.",Пуск 1-го Государственного подшипникового завода в Москве (1-й ГПЗ)
"1932, 23 апр.","Постановление ЦК ВКП(б) «О перестройке литературно-художественных организаций», предусматривавшее роспуск всех существующих творческих организаций и создание «союзов», непосредственно подчиненных партийно-государственному руководству. Провозглашение «социалистического реализма» единственным творческим методом литературы и искусства"
"1932, апр.",Пуск Кузнецкого металлургического комбината
"1932, лето","Распространение т. н. «платформы Рютина», требующей отстранения от руководства И. В. Сталина (9 октября 1932 сторонники М. Н. Рютина, в т. ч. 
Л. Б. Каменев и Г. Е. Зиновьев, исключены из партии). Ссылка Рютина (в 1937 расстрелян)"
"1932, 7 авг.",Принятие закона об охране социалистической собственности. Введение смертной казни за хищение колхозного и кооперативного имущества
"1932, 10 окт.",Пуск Днепровской гидроэлектростанции (Днепрогэс)
"1932, 31 дек.",Официальное объявление о досрочном выполнении заданий 1-го пятилетнего плана за 4 года и 3 месяца
1932,"Введение паспортной системы, отмененной после революции 1917"
1932,"Договоры о ненападении с Литвой (5 февраля), Польшей (5 июля), Францией 
(9 ноября)"
1932 – 1933 ,Массовый голод на Украине
"1933, май",Ликвидация басмаческих отрядов в Средней Азии
"1933, июл.",Пуск Челябинского тракторного завода (ЧТЗ) и Уральского машиностроительного завода в Свердловске (Уралмаш)
"1933, июл. – 1934, апр.",Полярная экспедиция под руководством О. Ю. Шмидта на ледоколе «Челюскин». Гибель корабля во льдах. Дрейф команды «челюскинцев» на льдине по Чукотскому морю
"1933, 2 сен.","Договор о дружбе, ненападении и нейтралитете с Италией"
"1933, ноя.",Пуск первой доменной печи Запорожского металлургического завода
"1934,
26 янв. – 
10 фев.","17-й съезд ВКП(б) – «съезд победителей». Утверждение директив 2-го пятилетнего плана. Фальсификация результатов выборов ЦК в пользу 
И. В. Сталина "
"1934, 8 июн.",Закон об измене родине. Введение смертной казни и коллективной ответственности членов семьи
"1934, 10 июл.",Передача функций ОГПУ Наркомату внутренних дел (НКВД)
"1934, 18 сен.",Принятие СССР в Лигу Наций 
"1934, 1 дек.","Убийство в Ленинграде секретаря ЦК и Ленинградского обкома и горкома ВКП(б) С. М. Кирова, совершенное (по официальной версии) членом партии 
Л. Николаевым. Постановление Президиума ЦИК СССР о введении ускоренной процедуры следствия и суда"
"1934, 18 дек.",Арест Л. Б. Каменева и Г. Е. Зиновьева. Избрание А. А. Жданова руководителем Ленинградской партийной организации
"1934, 
28 – 29 дек.","Закрытый судебный процесс над членами т. н. «Ленинградского центра», обвиненными в подготовке убийства С. М. Кирова и других руководителей партией и государства. Вынесение смертного приговора и приведение его в исполнение"
"1935,
5 – 16 янв.","Судебный процесс над членами т. н. «Московского центра», обвиненными в создании подпольной контрреволюционной организации и подготовке убийства 
С. М. Кирова"
"1935, 23 мар.",Продажа прав на КВЖД Японии
"1935, 8 апр.",Распространение уголовной ответственности (вплоть до применения смертной казни) на детей старше 12 лет
"1935, 2 мая","Договор с Францией о взаимной помощи, предусматривающий консультации в случае угрозы нападения третьего государства на одну из сторон и оказание немедленной помощи стороне, подвергшейся нападению"
"1935, 15 мая",Пуск первой очереди Московского метрополитена
"1935, 16 мая",Договор с Чехословакией о взаимной помощи (статьи о взаимных обязательствах по оказанию помощи в случае агрессии третьего государства вступали в силу только при выполнении соответствующих обязательств Францией)
"1935, лето",«Кремлевское дело». Обвинение аппарата ЦИК СССР в подготовке покушения на И. В. Сталина
"1935, 9 июн.",Закон о введении смертной казни за бегство за границу
"1935, 7 июл.",Постановление СНК СССР о выдаче сельхозартелям актов на вечное пользование землей
"1935,
25 июл. –
20 авг.",7-й конгресс Коминтерна. Курс на создание антифашистских «народных фронтов»
"1935, 31 авг.","Рекорд донбасского шахтера А. Стаханова, превысившего суточную норму угледобычи в 14 раз. Начало пропагандистской кампании по организации «стахановского движения» за увеличение производительности труда"
1935,"Отмена карточек на хлеб, муку и крупу (январь), мясо, жиры, рыбу, сахар, картофель (октябрь)"
"1936, 12 мар.",Договор о взаимопомощи с Монгольской Народной Республикой
"1936,
19 – 24 авг.","Московский конгресс «по делу 16-ти» по обвинению в создании «террористического троцкистско-зиновьевского центра». Все обвиняемые 
(Г. Е. Зиновьев, Л. Б. Каменев и др.) приговорены к смертной казни и расстреляны (25 августа)"
"1936, 30 сен.",Отставка Г. Г. Ягоды с поста наркома внутренних дел. Назначение на этот пост Н. И. Ежова
"1936, окт.",Оказание массированной помощи республиканской Испании; отправка советских добровольцев
"1936,
25 ноя. – 
5 дек.","8-й Чрезвычайный съезд Советов СССР. Принятие новой («сталинской») Конституции СССР. Казахская и Киргизская автономные республики, входившие в состав РСФСР, получили статус союзных республик; Закавказская Федерация разделена на Азербайджанскую ССР, Армянскую ССР и Грузинскую ССР. Высшим законодательным органом страны провозглашен двухпалатный Верховный Совет (ВС) СССР "
"1937, 6 янв.","Всесоюзная перепись населения (результаты, вскрывшие гигантские демографические потери, не были опубликованы)"
"1937, 
23 – 30 янв.","Второй московский процесс по делу т. н. «Параллельного антисоветского троцкистского центра», члены которого обвинены в организации саботажа и диверсий. 13 из 17 обвиняемых приговорены к смертной казни"
"1937, 17 мар.","Закон, запрещавший крестьянам покидать колхоз без согласия администрации"
"1937, 1 апр.",Официальное сообщение о выполнении 2-й пятилетки за 4 года и 3 месяца
"1937, 28 апр.",Постановление СНК СССР о третьем пятилетнем плане (1938 - 1942)
"1937, 21 мая. – 
1938, 21 фев.",Работа первой советской дрейфующей станции «Северный полюс»
"1937, 11 июн.","Сообщение о вынесении смертного приговора высшим военачальникам 
(М. Н. Тухачевскому, И. Э. Якиру и др.), обвиненным в шпионаже и измене родине"
"1937, 
июн. – июл.","Беспосадочные перелеты Москва–Портленд (США) и Москва–Сан-Джасинто (США), осуществленные экипажами во главе с В. П. Чкаловым и 
М. М. Громовым"
"1937, 15 июл.",Открытие канала Москва–Волга
"1937, 21 авг.",Договор о ненападении с Китаем
1937 – 1938,«Большой террор». Арестовано 7 миллионов человек. 3 миллиона заключенных умерли или расстреляны
"1938, янв.",Избрание М. Н. Калинина председателем Президиума ВС СССР
"1938, 1 мар.",Торговый договор с Германией
"1938, 
2 – 13 мар.","Третий московский процесс по делу т. н. «правотроцкистского антисоветского блока» («процесс 21-го»). Все обвиняемые (в т. ч. Н. И. Бухарин, А. И. Рыков, 
Г. Г. Ягода)"
"1938, 15 мар.",Протест СССР в связи с аншлюсом (присоединением) Австрии к Германии
"1938,
29 июл. – 
11 авг.",Вооруженный конфликт с Японией в районе оз. Хасан (на границе с Манчжурией и Кореей)
"1938, сен.",Заявления правительства СССР о готовности выполнить свои обязательства по  советско-чехословацкому договору (от 16 мая 1935) в связи с намерением Германии аннексировать Судетскую область Чехословакии
"1938, окт.","Протест СССР в связи с аннексией Германией Судетской области 
(по Мюнхенскому соглашению Германии, Италии, Великобритании и Франции)"
"1938, окт.","Выход в свет книги «История ВКП(б). Краткий курс», закрепившей идеологические догмы сталинизма и содержавшей фальсифицированную версию истории компартии и страны в целом"
"1938, 8 дек.",Отставка Н. И. Ежова. Назначение наркомом внутренних дел Л. П. Берия
"1939, 17 янв.","Всесоюзная перепись населения. По официальным данным, численность населения СССР – 170,6 миллионов человек"
"1939,
10 – 21 мар.",18-й съезд ВКП(б). Утверждение 3-го пятилетнего плана (1938 – 1942). Заявление о завершении (в основном) строительства социалистического общества в СССР
"1939, 17 апр.","Советское предложение о заключении трехстороннего пакта о взаимопомощи между СССР, Великобританией и Францией. Начало тройственных переговоров, закончившихся безрезультатно"
"1939, 3 мая","Отставка М. М. Литвинова с поста наркома иностранных дел (с 1930). Назначение на этот пост председателя СНК, В. М. Молотова"
"1939, 
11 мая – 
31 авг.",Вооруженный конфликт с Японией в районе р. Халхин-Гол в Монголии
"1939, 1 авг.",Открытие в Москве Всесоюзной сельскохозяйственной выставки
"1939, 
12 – 22 авг.",Советско-англо-французские переговоры в Москве о заключении военного соглашения перед угрозой германской агрессии (закончились безрезультатно)
"1939, 19 авг.",Торгово-кредитное соглашение с Германией
"1939, 23 авг.","Пакт о ненападении с Германией, включающий секретный протокол о разделе сфер влияния в Восточной Европе "
"1939, 1 сен.",Нападение Германии на Польшу. Начало 2-й мировой войны
"1939, 1 сен.",Принятие внеочередной сессией ВС СССР закона о всеобщей воинской повинности
"1939, 17 сен.",Вступление Красной Армии (в соответствии с секретным советско-германским протоколом от 23 августа 1939) в восточные районы Польши. Официальная цель – «предотвращение захвата Германией» Западной Украины и Западной Белоруссии 
"1939, 28 сен.",Договор о дружбе и границе с Германией. Фактический раздел Польши. Установление западной границы СССР по рекам Буг и Нарев
"1939,
сен. – окт.","Договоры о взаимной помощи с Эстонией (28 сентября), Латвией (5 октября) и Литвой (10 октября)"
"1939, 27 окт.",Передача Литве Вильно и Виленского края
"1939,
31 окт. – 
2 ноя.",Официальное принятие Западной Украины и Западной Белоруссии в состав СССР и включение их (соответственно) в Украинскую ССР и Белорусскую ССР
"1939, 2 ноя.","Вступление частей Красной Армии на территорию Финляндии. Начало 
советско-финляндской («зимней») войны"
"1939, 14 дек.",Исключение СССР из Лиги Наций в связи с нападением СССР на Финляндию
"1940, 11 фев.",Торговый договор с Германией. Увеличение советских поставок в Германию
"1940, 
фев. – мар.","Прорыв частями Красной Армии «Линии Маннергейма», взятие Выборга"
"1940, 12 мар.","Мирный договор с Финляндией. Окончание советско-финляндской войны. Передача Советскому Союзу Карельского перешейка и Выборга, сдача в аренду военной базы на полуострове Ханко"
"1940, 31 мар.","Преобразование Карельской АССР, входившей в состав РСФСР, в 
Карело-Финскую ССР"
"1940, 7 мая",Введение уголовного наказания за прогулы и опоздания на работу
"1940,
15 – 17 июн.","Введение Советских войск в Латвию, Литву и Эстонию (после предъявления правительствам этих стран обвинений в нарушении ими условий договора о взаимопомощи)"
"1940,
17 – 21 июн.","Создание в Латвии, Литве и Эстонии просоветских правительств"
"1940,
28 – 30 июн.",Введение советских войск в Румынию. Занятие ими Бесарабии и Северной Буковины 
"1940, 21 июл.","Провозглашение Латвии, Литвы и Эстонии советскими республиками"
"1940, 2 авг.","Образование Молдавской ССР (путем присоединения к Молдавской АССР, входившей в состав Украинской ССР, большей части Бесарабии)"
"1940, 
3 – 6 авг.","Включение Латвии, Литвы и Эстонии в состав СССР в качестве союзных республик"
"1940,
12 – 13 ноя.","Переговоры В. М. Молотова и И. фон Риббентропа в Берлине о разделе сфер влияния и присоединении СССР к тройственному пакту Германии, Италии и Японии (закончились безрезультатно)"
"1941, 3 фев.",Образование Наркомата государственной безопасности (НКГБ)
"1941,
15 – 20 фев.",18-я конференция ВКП(б). Увеличение заданий 3-го пятилетнего плана по производству вооружений
"1941, 5 апр.",Договор о дружбе и ненападении с Югославией (за день до вторжения в Югославию германских войск)
"1941, 13 апр.",Пакт о ненападении с Японией
"1941, 6 мая",Назначение И. В. Сталина председателем СНК СССР (В. М. Молотов стал заместителем председателя СНК)
"1941, 14 июн.",Заявление ТАСС о беспочвенности слухов о возможности войны между СССР и Германией 
"1941, 22 июн.",Нападение Германии и ее союзников на СССР. Начало Великой Отечественной войны народов СССР
"1941,
22 июн. – 
Кон. июл.",Оборона Брестской крепости
"1941, 23 июн.",Образование Ставки Главного Командования Вооруженными Силами СССР во главе с наркомом обороны С. К. Тимошенко (с 10 июля – Ставка Верховного Командования)
"1941, 24 июн.",Создание Совета по эвакуации
"1941, 29 июн.",Директива СНК СССР и ЦК ВКП(б) о мобилизации всех сил и средств на отпор немецко-фашистским захватчикам
"1941, 30 июн.","Образование Государственного Комитета Обороны (ГКО) во главе с 
И. В. Сталиным. Начало формирования народного ополчения"
"1941,
июн. – июл.","Оккупация германскими войсками территории Белоруссии, Латвии, Литвы, Эстонии, западных областей Украины"
"1941, 1 июл.",Директивы о развертывании партизанского движения в тылу немецких войск
"1941,
10 июл. – 
10 сен.",Смоленское сражение
"1941, 10 июл.",Начало обороны Ленинграда
"1941,
11 июл. –
19 сен.",Оборона Киева
"1941, 12 июл.",Соглашение с Великобританией о совместных действиях в войне с Германией
"1941, 16 июл.",Введение в Красной Армии (с 20 июля – на Военно-Морском флоте) института военных комиссаров
"1941, 18 июл.",Соглашение с правительством Чехословакии (в изгнании) о совместной борьбе против Германии и создании на территории СССР чехословацких военных формирований
"1941, 19 июл.",Назначение И. В. Сталина наркомом обороны 
"1941, 30 июл.",Соглашение с правительством Польши (в изгнании) о взаимной помощи в войне с Германией и создании на территории СССР польских военных формирований
"1941, авг.","Наступление германских войск на северном (на Ленинград), центральном 
(на Москву) и юго-восточном (на Донбасс и Крым) направлениях"
"1941,
5 авг. – 
16 окт.",Оборона Одессы
"1941, 8 авг.",Преобразование Ставки Верховного Командования в Ставку Верховного Главнокомандования (СВГК). Назначение И. В. Сталина Верховным Главнокомандующим. Первый налет авиации Балтийского флота на Берлин
"1941, 16 авг.",Приказ наркома обороны № 270. Объявление сдавшихся в плен командиров и политработников «злостными дезертирами» 
"1941, 25 авг.",Вступление советских и британских войск в Иран (с последующим разделением его территории на две оккупационные зоны)
"1941, 28 авг.",Указ Президиума ВС СССР о депортации немцев Поволжья
"1941, 
30 авг. –
6 сен.",Поражение германских войск в районе Ельни
"1941, 8 сен. ",Начало блокады Ленинграда
"1941, 18 сен.",Создание Советской гвардии
"1941, 24 сен.","Присоединение СССР к Атлантической хартии правительств Великобритании и США, провозглашавшей основные принципы ведения войны против Германии и послевоенного устройства мира"
"1941, 
29 сен. –
1 окт.","Московская конференция представителей СССР, Великобритании и США по вопросам военных поставок"
"1941, 30 сен.",Начало битвы за Москву
"1941, 7 окт.","Окружение германскими войсками шести армий Западного, Резервного (в районе Вязьмы) и Брянского (в районе Брянска) фронтов"
"1941,
16 – 19 окт.",Паника в Москве; введение осадного положения
"1941, 30 окт. –
1942, 4 июл.",Оборона Севастополя 
"1941, 7 ноя.",Парад советских войск на Красной пощади в Москве
"1941, 7 ноя.",Решение президента США о поставках Советскому Союзу военных материалов по ленд-лизу
"1941, 
10 ноя. – 
30 дек.",Тихвинская операция. Контрнаступление войск Ленинградского и Волховского фронтов
"1941, 
17 ноя. –
2 дек. ",Ростовская операция. Освобождение Ростова-на-Дону
"1941, 6 дек. – 1942, 8 янв.",Контрнаступление советских войск под Москвой
"1942, 1 янв.",Подписание в Вашингтоне Декларации Объединенных Наций (26 государств)
"1942, 29 сен.",Договор с Великобританией и Ираном о союзе в войне с Германией
"1942, 13 фев.",Мобилизация трудоспособного городского населения для работы на строительстве и в промышленности
"1942,
12 – 29 мая",Харьковское сражение. Окружение германскими войсками войск Юго-Западного фронта
"1942, 26 мая",Договор с Великобританией о союзе в войне против Германии и ее сообщников в Европе и о сотрудничестве и взаимной помощи после войны
"1942, 30 мая",Создание Центрального штаба партизанского движения при СВГК
"1942, 11 июн.","Соглашение с США о принципах, применимых к взаимной помощи и ведении войны против агрессии"
"1942, 12 июн.",Советско-британское и советско-американское коммюнике об открытии второго фронта в Европе (в 1942)
"1942,
28 июн. – 
24 июл.",Оборонительные бои советских войск на Воронежском и Ворошиловградском направлениях
"1942,
17 июл. – 
18 ноя.",Оборонительный период Сталинградской битвы
"1942,
25 июл. – 
31 дек.",Оборонительное сражение на Северном Кавказе
"1942, 28 июл.","Приказ наркома обороны № 227 «Ни шагу назад» о создании заградительных отрядов в тылу советских войск, штрафных рот и батальонов"
"1942, 26 авг.",Назначение Г. К. Жукова заместителем Верховного Главнокомандующего
"1942, окт.",Упразднение института военных комиссаров
"1942, 19 ноя. – 
1943, 2 фев.","Наступление советских войск под Сталинградом. Окружение и ликвидация 
330-тысячной группировки германских войск. Начало коренного перелома в ходе войны"
"1943,
12 – 18 янв.",Прорыв блокады Ленинграда
"1943, фев.","Освобождение Воронежа, Курска, Ростова-на-Дону"
"1943, 6 фев.",Пуск Челябинского металлургического комбината
"1943, 15 мая",Роспуск Коминтерна
"1943, 
5 июл. – 
23 авг.",Курская битва (оборонительный этап – 5 – 23 июля; наступление советских войск 12 июля – 23 августа)
"1943, 12 июл.",Танковое сражение в районе деревни Прохоровка – крупнейшее во 2-й мировой войне
"1943, 
3 авг. – 
1 ноя.",«Рельсовая война» - серия операций партизанских соединений по разрушению железнодорожных путей в тылу германских войск
"1943, 23 авг.",Освобождение Харькова
"1943, 
25 авг. – 
23 дек.",Битва за Днепр
"1943, сен.",Освобождение Новороссийска и Смоленска 
"1943,
19 – 30 окт.","Московская конференция министров иностранных дел СССР, Великобритании и США"
"1943, окт. – 1944, май","Депортация в восточные районы СССР кабардинцев, крымских татар, чеченцев, ингушей, калмыков, карачаевцев, балкарцев, обвиненных в сотрудничестве с немецкими оккупантами "
"1943, 
3 – 13 ноя.",Киевская наступательная операция. Освобождение Киева (6 ноября)
"1943, 26 ноя.",Освобождение Гомеля
"1843,
28 ноя. –
1 дек.","Тегеранская конференция «Большой тройки» - глав правительств СССР 
(И. В. Сталин), Великобритании (У. Черчилль) и США (Ф. Рузвельт). Обсуждены вопросы совместного ведения войны и послевоенного устройства мира. Великобритания и США обязались открыть второй фронт в Европе (в мае 1944). СССР согласился после разгрома фашистской Германии вступить в войну против Японии"
"1943, 12 дек.","Договор о дружбе, взаимопомощи и послевоенном сотрудничестве с Чехословакией"
"1943, дек. – 
1944, май",Освобождение правобережной Украины
"1943, дек.",Избрание патриархом Московским и всея Руси местоблюстителя патриаршего престола митрополита Московского и Коломенского Сергия (умер 15 мая 1944)
"1944,
янв. – мар.",Ленинградско-Новгородская наступательная операция. Освобождение Новгорода (20 января). Окончательная ликвидация блокады Ленинграда (27 января)
"1944,
янв. – фев.",Корсунь-Шевченковская наступательная операция
"1944, 26 мар.",Выход советских войск к государственной границе СССР и Румынии
"1944, 8 апр.",Выход советских войск к государственной границе СССР и Чехословакии
"1944, 
апр. – май.",Крымская наступательная операция. Освобождение Крыма
"1944, 10 апр.",Освобождение Одессы
"1944, 9 мая",Освобождение Севастополя
"1944,
июн. – авг.","Выборгско-Петрозаводская наступательная операция. Разгром финляндской армии, освобождение северной части Ленинградской области и большей части Карело-Финской ССР"
"1944,
июн. – авг.","Белорусская наступательная операция («Багратион»). Освобождение Минска 
(3 июля), Вильнюса (13 июля)"
"1944,
июл. – авг.","Львовско-Сандомирская наступательная операция. Освобождение Львова 
(27 июля)"
"1944,
июл. – окт.",Наступление советских войск в Прибалтике
"1944, 17 июл.",Вступление советских войск на территорию Польши
"1944,
20 – 29 авг.",Ясско-Кишиневская наступательная операция
"1944,
23 – 24 авг.","Выход Румынии из войны против СССР, объявление ею войны Германии"
"1944, 24 авг.",Освобождение Кишинева
"1944, 31 авг.",Вступление советских войск в столицу Румынии Бухарест
"1944, 4 сен.",Выход Финляндии из войны против СССР
"1944, 8 сен.",Вступление советских войск в Болгарию
"1944, 12 сен.","Соглашение СССР, Великобритании и США с Румынией о перемирии"
"1944, 15 сен.",Вступление советских войск в столицу Болгарии Софию
"1944, 19 сен.",Соглашение СССР и Великобритании с Финляндией о перемирии
"1944, 22 сен.",Освобождение Таллина
"1944, 23 сен.",Вступление советских войск в Венгрию
"1944, 
сен. – окт.",Белградская наступательная операция. Освобождение советскими восками (совместно с Югославской народно-освободительной армией) юго-восточной части Югославии и ее столицы Белграда (20 октября)
"1944, окт.",Вхождение Тувинской Народной Республики в СССР. Образование Тувинской автономной области в составе РСФСР
"1944, 13 окт.",Освобождение Риги
"1944, окт.",Восстановление западной государственной границы СССР
"1944,
17 – 18 окт.",Вступление советских войск в Восточную Пруссию
"1944, 22 окт.",Выход советских войск к государственной границе СССР и Норвегии
"1944, 28 окт.","Соглашение СССР, Великобритании и США с Болгарией о перемирии"
"1944, окт. – 1945, фев.",Будапештская наступательная операция
"1944, 10 дек.",Договор о союзе и взаимопомощи с Францией
"1945, 
янв. – фев.",Висло-Одерская операция
"1945,
янв. – апр.",Восточно-прусская операция
"1945, 17 янв.",Освобождение советскими войсками (совместно с 1-й армией Войска Польского) столицы Польши Варшавы
"1945, 20 янв.","Подписание соглашения СССР, Великобритании и США с Венгрией о перемирии"
1945 – 1970 ,Патриаршество Алексия
"1945,
4 – 11 фев.","Крымская (Ялтинская) конференция глав правительств СССР (И. В. Сталин), Великобритании (У. Черчилль) и США (Ф. Рузвельт). Подтверждена цель трех держав – достижение победы над Германией, ее последующая демилитаризация, денацификация и демократизация. Приняты решения об оккупационных зонах в Германии. Согласован вопрос о создании ООН. Принята декларация об освобожденной Европе"
"1945, 13 фев.",Освобождение советскими войсками столицы Венгрии Будапешта
"1945, 4 апр.",Освобождение советскими войсками столицы Словакии Братиславы
"1945, 5 апр.",Денонсация правительством СССР пакта о ненападении с Японией (1941)
"1945, 9 апр.",Взятие советскими войсками центра Восточной Пруссии Кенигсберга
"1945, 11 апр.","Договор о дружбе, взаимной помощи и послевоенном сотрудничестве с Югославией"
"1945, 13 апр.",Освобождение советскими войсками столицы Австрии Вены
"1945,
апр. - май",Берлинская операция
"1945, 21 апр.","Договор о дружбе, взаимной помощи и послевоенном сотрудничестве с Польшей"
"1945,
25 апр. – 
26 июн.","Участие делегации СССР в конференции Объединенных Наций в 
Сан-Франциско. Принятие представителями 50 государств Устава ООН 
(26 июня)"
"1945, 30 апр.",Водружение знамени Победы над рейхстагом в Берлине
"1945, 2 мая",Капитуляция германских войск в Берлине
"1945, 8 мая",Подписание акта о безоговорочной капитуляции германских вооруженных сил
"1945, 9 мая",День Победы
"1945, 9 мая",Освобождение советскими войсками (совместно с пражскими повстанцами) столицы Чехословакии Праги
"1945, 5 июн.","Подписание представителями СССР, Великобритании, США и Франции декларации о поражении Германии и принятии этими государствами верховной власти в отношении Германии"
46202,Договор с Чехословакией о вхождении Закарпатской Украины (Прикарпатской Рутении) в СССР
"1945,
17 июл. – 
2 ваг.","Берлинская (Потсдамская) конференция глав правительств СССР (И. В. Сталин), Великобритании (У. Черчилль, с 28 июля – К. Эттли), США (Г. Трумэн). Подтверждены решения трех держав о демилитаризации и денацификации Германии. Согласованы вопросы о западных границах Польши, о передаче Кенигсберга и прилегающего района СССР"
"1945, 8 авг.",Объявление войны Японии
"1945, 9 авг.","Начало наступления советских войск в Манчжурии, Северной Корее, на Южном Сахалине и Курильских островах"
"1945, 14 авг.",Договор о дружбе и союзе с Китаем
"1945, 4 сен.",Упразднение Государственного Комитета Обороны
"1945, 24 окт.","Создание ООН (среди членов-учредителей – СССР, Украинская ССР, Белорусская ССР)"
"1945, 20 ноя. – 
1946, 1 окт.",Судебный процесс над главными германскими военными преступниками («Нюрнбергский процесс»)
"1946, 25 фев.",Переименование Красной Армии в Советскую Армию
"1946, 27 фев.",Договор о дружбе и взаимопомощи с МНР
"1946, 15 мар.",Преобразование СНК СССР в Совет Министров (СМ) СССР
"1946, 18 мар.",Принятие ВС СССР закона о пятилетнем плане восстановления и развития народного хозяйства СССР (на 1946 – 1950)
"1946, 19 мар.","Отставка М. И. Калинина. Избрание председателем Президиума ВС СССР 
Н. М. Шверника"
"1946, июл.",Пуск газопровода Саратов – Москва. Открытие навигации на восстановленном Беломорско-Балтийском канале
"1946, 14 авг.",Постановление ЦК ВКП(б) о журналах «Звезда» и «Ленинград». Ужесточение идеологического контроля над литературой и искусством
1946,"Пуск восстановленных Днепродзержинского азотно-тукового, Макеевского труболитейного, Рижского электромашиностроительного, Минского станкостроительного заводов"
"1947, 10 фев.","Подписание в Париже мирных договоров с Италией, Румынией, Болгарией, Венгрией, Финляндией. Признание Румынией и Финляндией новых границ с СССР"
"1947,
10 мар. –
24 апр. ","Совещание министров иностранных дел СССР, Великобритании, США и Франции в Москве. Усиление разногласий между СССР и западными державами"
"1947, 26 мая",Отмена смертной казни
"1847, 4 июн.",Введение уголовной ответственности (от 5 до 25 лет лагерей) за «посягательство на государственную или колхозную собственность»
"1947,
22 – 28 сен.","Совещание представителей коммунистических и рабочих партий Болгарии, Венгрии, Италии, Польши, СССР, Франции, Чехословакии, Югославии в Москве. Образование информационного бюро (Коминформ)"
"1947, 14 дек.",Постановление СМ СССР и ЦК ВКП(б) «О проведении денежной реформы и отмене карточек на продовольственные и промышленные товары»
1948,"Договоры о дружбе, сотрудничестве и взаимной помощи с Румынией 
(4 февраля), Венгрией (18 февраля), Болгарией (18 марта), Финляндией 
(6 апреля)"
"1948, июн.",Кризис в советско-югославских отношениях
"1948, авг.",Сессия Всесоюзной академии сельскохозяйственных наук им. В. И. Ленина (ВАСХНИЛ). Разгром генетики
1948,"Разработка «Сталинского плана преобразования природы», предусматривающего создание сети искусственных морей, строительство гигантских гидроэлектростанций, насаждение лесозащитных полос"
"1948, 10 окт.",Запуск первой советской управляемой баллистической ракеты Р-1
1948,Восстание заключенных Печорских лагерей
"1949,
5 – 8 янв.","Создание Совета Экономической Взаимопомощи (СЭВ), в который вошли Болгария, Венгрия, Польша, Румыния, СССР и Чехословакия. (Позднее Албания, Социалистическая республика Вьетнам, Германская Демократическая Республика (ГДР), Куба, МНР)"
"1949, янв",Начало кампании по «борьбе с космополитизмом»
"1949, мар.","Смещение В. М. Молотова с поста министра иностранных дел. Замена его 
А. Я. Вышинским "
"1949, 29 авг.",Первое испытание атомной бомбы в СССР
"1949, 8 сен.","Денонсация договора о дружбе, взаимной помощи и послевоенном сотрудничестве с Югославией"
1949 – 1950 ,"Насильственная коллективизация в Латвии, Литве, Эстонии, Западной Украине, Западной Белоруссии"
"1950, 14 фев.","Восстановление смертной казни для «шпионов, изменников и диверсантов»"
"1950, май",Начало кампании по укрупнению колхозов
"1950, 25 июн.","Начало войны в Корее. Оказание материальной, военной и кадровой поддержки Корейской Народно-Демократической Республике"
"1950, сен.","Судебный процесс по сфабрикованному «Ленинградскому делу». Вынесение смертных приговоров Н. А. Вознесенскому, А. А. Кузнецову и др."
"1952,
май – июн.",Суд по сфабрикованному делу Еврейского антифашистского комитета. Расстрел видных деятелей еврейского происхождения
"1952, 27 июл.",Открытие Волго-Донского судоходного канала имени В. И. Ленина
"1952,
5 – 14 окт.",19-й съезд ВКП(б). Переименование ВКП(б) в КПСС. Реорганизация Политбюро в Президиум ЦК
"1953, 13 янв.","Официальное сообщение о «деле кремлевских врачей», необоснованно обвиненных в убийстве и попытках убийства видных политических деятелей"
"1953, 5 мар.",Смерть И. В. Сталина
"1953, 6 мар.","Назначение Г. М. Маленкова председателем СМ СССР, избрание 
К. Е. Ворошилова председателем Президиума ВС СССР"
"1953, 14 мар.",Оформление нового состава Секретариата ЦК КПСС (руководство работой секретариата поручено Н. С. Хрущеву)
"1953, 6 апр.","Официальное сообщение о прекращении «дела врачей», как сфальсифицированного. Начало политической «оттепели»"
"1953,
16 – 17 июн.",Восстание в Берлине; подавлено советскими войсками
"1953, 26 июн. ",Арест Л. П. Берия
"1953, 27 июн.",Подписание соглашения о перемирия в Корее
"1953, 8 авг.","Заявление Г. М. Маленкова (на сессии ВС СССР) о снижении сельхозналога и других реформах в сельском хозяйстве, а так же об ориентации на развитие легкой промышленности"
"1953, 20 авг.",Официальное сообщение о произведенном в СССР испытании водородной бомбы
"1953, сен.","Пленум ЦК КПСС. Принятие постановления «О мерах дальнейшего развития сельского хозяйства СССР», фактически констатировавшего его кризисное состояние. Избрание Н. С. Хрущева первым секретарем ЦК КПСС"
"1953, 23 дек.","Расстрел (по приговору закрытого суда) Л. П. Берия и ряда других бывших руководителей МГБ – МВД, обвиненных в измене родине, заговоре и шпионаже"
1953 – 1954  ,Массовые волнения заключенных в лагерях
"1954, 19 фев.",Передача по инициативе Н. С. Хрущева Крыма из состава РСФСР в состав Украинской ССР (приурочена к 300-летию присоединения Украины к России)
"1954, 2 мар.",Постановление пленума ЦК КПСС об освоении целинных и залежных земель в Алтайском крае и Казахской ССР
"1954, 13 мар.",Образование Комитета Государственной Безопасности (КГБ)
"1954, 27 июн.",Ввод в действие в СССР первой в мире промышленной атомной электростанции (АЭС) в городе Обнинск Калужской области
"1954, 7 июл.",Постановление ЦК КПСС об усилении атеистической пропаганды. Начало нового наступления на религию и религиозные организации
"1954, сен.",Первые военные учения в условиях применения ядерного оружия
"1955, 25 янв.",Указ президиума ВС СССР «О прекращении состояния войны между Советским Союзом и Германией»
"1955, 8 фев.",Отставка Г. М. Маленкова с поста председателя СМ СССР. Назначение на этот пост Н. А. Булганина
"1955, мар.",Начало новой кампании по укрупнению колхозов и реорганизации их в совхозы
"1955, 14 мая","Подписание в Варшаве Договора о дружбе, сотрудничестве и взаимной помощи между Албанией, Болгарией, Венгрией, ГДР, Польшей, Румынией, СССР и Чехословакией. Создание Организации Варшавского Договора (ОВД), противостоящей НАТО"
"1955, 15 мая","Подписание в Вене СССР, Великобританией, США и Францией Государственного договора с Австрией"
"1955,
27 мая – 
2 июн.",Подписание Белградской декларации о нормализации отношений между СССР и Югославией
"1955,
9 – 13 сен.",Московские переговоры с ФРГ. Установление дипломатических отношений между СССР и ФРГ
"1955, 20 сен.",Договор о дружбе и сотрудничестве с ГДР
"1955, 30 ноя.",Начало первой советской Антарктической экспедиции
1955,Открытие алмазного месторождения «Мир» в Якутии
"1956, 26 янв.",Протокол о передаче СССР Финляндии территории Порккала-Удд
"1956, 
14 – 25 фев.",20-й съезд КПСС. Провозглашение курса на мирное сосуществование. Принятие директив по 6-му пятилетнему плану (1956 – 1960)
"1956, 25 фев.",Выступление Н. С. Хрущева на закрытом заседании 20-го съезда КПСС с докладом «О культе личности и его последствиях»
"1956, 2 мар.",Разгон демонстрации молодежи в Тбилиси под сталинскими лозунгами
"1956, 17 мар.",Роспуск Информационного бюро коммунистических и рабочих партий (Коминформа)
"1956, 24 мая","Заявление Н. С. Хрущева о сокращении армии на 1,2 миллиона человек"
"1956, 6 июн.","Отмена платы за обучение в старших классах средней школы, в средних специальных и высших учебных заведениях"
"1956, 14 июн.",Закон о государственных пенсиях; существенное повышение их размера
"1956, 16 июн.",Преобразование Карело-Финской ССР в Карельскую АССР в составе РСФСР 
"1956, 30 июн.",Постановление ЦК КПСС «О преодолении культа личности и его последствий»
"1956, 8 сен.",Повышение зарплаты низкооплачиваемым рабочим и служащим
"1956, 19 сен.",Начало регулярных рейсов первого советского реактивного пассажирского самолета Ту-104
"1956, 19 окт.",Советско-японская декларация о прекращении состояния войны. Установление дипломатических отношений между двумя странами
"1956,
23 окт. – 
4 ноя.",Восстание в Будапеште против коммунистического режима; подавлено советскими войсками
"1956, 30 окт.",Декларация об отказе от вмешательства в дела других социалистических стран
"1956, 5 ноя.","Заявление правительства СССР с требованием прекратить вооруженное вторжение Великобритании, Франции и Израиля в Египет"
"1957, 9 янв.",Реабилитация репрессированных во время Великой Отечественной войны народов (кроме немцев Поволжья)
"1957, апр.",Прекращение принудительной подписки на государственные займы. Введение 20-летнего моратория на выплату государственного долга по ранее выпущенным займам
"1957, май",Переход к территориальной системе управления хозяйством. Введение совнархозов
"1957,
22 – 29 июн.","Пленум ЦК КПСС. Осуждение фракционной («антипартийной») группы 
В. М. Молотова, Г. М. Маленкова, Л. М. Кагановича и др., пытавшихся сместить Н. С. Хрущева с поста первого секретаря ЦК КПСС. Избрание нового состава Президиума и Секретариата ЦК во главе с Хрущевым"
"1957, 
28 июл. – 
11 авг.",6-й Всемирный фестиваль молодежи и студентов в Москве
"1957, 31 июл.",Постановление ЦК КПСС и СМ СССР о развитии массового жилищного строительства
"1957, 31 авг.",Запуск в СССР первой в мире межконтинентальной баллистической ракеты
"1957, сен.",Авария на ядерном комплексе в Кыштыме (Южный Урал). Широкомасштабное радиоактивное заражение территории
"1957, 4 окт.",Запуск в СССР первого в мире искусственного спутника Земли
"1957, 14 окт.",Вступление в строй Волжской (Куйбышевской) ГЭС
"1957, ноя.",Заявление Н. С. Хрущева о «полной и окончательной победе социализма» в СССР
"1957, 5 дек.",Спуск на воду атомного ледокола «Ленин»
1957,"Аресты членов молодежных студенческих групп, выступавших за отход от догматических установок в марксистской теории и общественной практике"
"1958, 27 мар.",Отставка Н. А. Булганина. Назначение Н. С. Хрущева председателем СМ СССР 
"1958, апр.",Начало перевода рабочих и служащих тяжелой промышленности на 6- и 7-часовой рабочий день
"1958, дек.",Введение обязательного среднего политехнического образования
"1959, 2 янв.",Запуск первой автоматической межпланетной станции «Луна-1»
"1959, 
27 янв. – 
5 фев.","21-й (внеочередной) съезд КПСС. Принятие контрольных цифр семилетнего плана (1959 – 1965), заменившего пятилетний план (1956 – 1960). Заявление Н. С. Хрущева о начале «развернутого строительства коммунизма»"
"1959, 
15 – 27 сен.",Первый визит главы правительства СССР в США. Встреча Н. С. Хрущева с президентом США Д. Эйзенхауэром
"1959, 7 окт.",Облет Луны и фотографирование ее оборотной стороны автоматической межпланетной станцией «Луна-3»
"1959, дек.","Утверждение пленумом ЦК КПСС программы строительства на селе жилых домов городского типа, ликвидации «неперспективных» деревень, сокращения голов скота на личных подворьях"
"1960, апр.",Начало острой полемики между руководством КПСС и компартией Китая
"1960, 7 мая","Отставка К. Е. Ворошилова. Избрание председателем Президиума ВС СССР 
Л. И. Брежнева"
"1960, май",Закон о переводе всех рабочих и служащих на 6- и 7- часовой рабочий день
"1960, авг.",Отзыв советских специалистов из Китая
"1961, 
1 янв. – 
31 мар.",Денежная реформа. Изменение масштаба цен. (1 новый рубль приравнен к 10 старым)
"1961, 12 апр.",Первый в мире полет в космос Ю. А. Гагарина на космическом корабле-спутнике «Восток»
"1961, 4 мая",Указ Президиума ВС СССР об усилении борьбы с «тунеядством»
"1961, 5 мая",Введение смертной казни за экономические преступления (хищение государственного имущества)
"1961, 1 июл.",Введение смертной казни за валютные преступления
"1961, 13 авг.","Начало возведения Берлинской стены, разделившей восточную и западную части города"
"1961, 
17 – 31 окт.","22-й съезд КПСС. Принятие Программы КПСС, намечавшей построение коммунистического общества (к 1980). Провозглашение СССР «общенародным государством»"
"1962, 22 фев.",Введение смертной казни за взяточничество в особо крупных размерах
"1962, 27 мая",Повышение розничных цен на мясомолочные продукты
"1962, июн.","Волнения и забастовки в городах, связанные с повышением цен. Расстрел рабочих в Новочеркасске"
"1962, 12 июл.",Узаконение практики привлечения горожан на сельскохозяйственные работы
"1962,
11 – 14 авг.","Первый групповой космический поет кораблей «Восток-3» и «Восток-4», пилотируемых космонавтами А. Г. Николаевым и П. Р. Поповичем"
"1962, окт.","Карибский кризис, вызванный размещением советских ракет на Кубе 
(с августа 1962). Демонтаж и вывоз ракет"
"1962, 
19 – 23 ноя.",Частичное управление отраслевого управления хозяйством посредством образования системы госкомитетов. Разделение партийных и государственных органов на промышленные и сельскохозяйственные
"1963,
16 – 19 июн.","Первый полет в космос женщины-космонавта В. В. Терешковой на 
корабле-спутнике «Восток-6»"
"1963, 
14 июн. –
14 июл.",Обмен письмами между ЦК Компартии Китая и КПСС. Идеологический разрыв между партийным и государственным руководством двух стран
"1963, 5 авг.","Подписание представителями СССР, Великобритании и США Московского договора о запрещении испытания ядерного оружия в атмосфере, под водой и в космическом пространстве"
"1964, 13 июл.",Отставка Л. И. Брежнева с поста председателя Президиума ВС СССР (в связи с избранием секретарем ЦК КПСС). Избрание на этот пост А. И. Микояна
"1964, 29 авг.",Реабилитация немцев Поволжья
"1964,
12 – 13 окт.",Первый в мире полет многоместного космического корабля «Восход» (командир В. М. Комаров)
"1964, окт.",Антихрущевский заговор. Смещение (14 октября) Н. С. Хрущева с постов первого секретаря ЦК КПСС и председателя СМ СССР. Избрание на эти посты (соответственно) Л. И. Брежнева и А. Н. Косыгина
"1964, окт.",Вступление в строй нефтепровода «Дружба» для поставки газа из СССР в европейские страны
"1964, янв.",Отмена актов о судебном преследовании верующих
"1965, 18 мар.",Первый в истории выход космонавта А. А. Леонова в открытый космос
"1965, апр.",Начало поставки во Вьетнам ракет «земля – воздух» для отражения налетов авиации США
"1965, 
27 – 29 сен.","Пленум ЦК КПСС по вопросам экономической реформы: повышение хозяйственной самостоятельности предприятий и роли экономического стимулирования, сокращение числа плановых показателей. Упразднение совнархозов и возвращение к отраслевому принципу руководства экономикой"
"1965, 5 дек.",Несанкционированная демонстрация на Пушкинской площади в Москве в связи с арестом (в сентябре) писателей А. Синявского и Ю. Даниэля
"1965, 9 дек.","Отставка А. И. Микояна. Избрание председателем Президиума ВС СССР 
Н. В. Подгорного"
"1966, 
10 – 14 фев.",Суд над писателями А. Синявским и Ю. Даниэлем по обвинению в «антисоветской агитации и пропаганде»
"1966, 16 фев.","Первая мягкая посадка на Луну автоматической станции «Луна-9», передача на Землю фотопанорамы лунной поверхности"
"1966, 1 мар.",Достижение автоматической станцией «Венера-3» поверхности Венеры
"1966,
29 мар. – 
8 апр.","23-й съезд КПСС. Принятие директив пятилетнего плана (1966 – 1970). Восстановление должности генерального секретаря ЦК КПСС, избрание на этот пост Л. И. Брежнева"
"1966, 31 мар.","Запуск автоматической станции «Луна-10», ставшей первым искусственным спутником Луны"
"1966, 1 июн.",Введение ежемесячной зарплаты в колхозах
"1966, авг.",Резкое обострение советско-китайских отношений в связи с началом «культурной революции» в Китае
"1966, окт.","Введение в уголовный кодекс положения об уголовной ответственности за «распространение заведомо ложных измышлений, порочащих советский государственный и общественный строй»"
"1967, 27 янв.","Одновременное подписание в Москве, Вашингтоне и Лондоне представителями СССР, США и Великобритании договора о принципах деятельности государств по исследованию и использованию космического пространства (договор о мирном использовании космоса)"
"1967, 14 мар.",Переход на пятидневную рабочую неделю с двумя выходными днями
"1967, 7 сен.",Реабилитация Крымских татар (после многотысячной демонстрации в Ташкенте 2 сентября)
"1967, сен.",Пуск на полную мощность Братской ГЭС
"1967, окт.",Ввод в действие трансконтинентального газопровода Средняя Азия – Центр
"1967, ноя.",Пуск первой очереди телецентра «Останкино»
"1968,
8 – 12 янв.","Суд над диссидентами Ю. Т. Галансковым, А. И. Гинзбургом и др. "
"1968, апр.","Выпуск первого номера «самиздатской» «Хроники текущих событий, информирующей о нарушении прав человека в СССР»"
"1968, 1 июл.","Подписание в Москве, Вашингтоне и Лондоне закона о нераспространении ядерного оружия"
"1968,
24 – 26 июл.",Митинг турок-месхетинцев в Тбилиси с требованием возвращения на родину
"1968, 21 авг.","Ввод войск СССР, Болгарии, Венгрии, ГДР, Польши в Чехословакию для подавления попыток чехословацкого руководства либерализовать социалистическую систему"
"1968, 25 авг.","Демонстрация на Красной площади в Москве группы диссидентов, протестовавших против ввода войск стран-участниц Варшавского договора в Чехословакию. Арест демонстрантов (осуждены в октябре на различные сроки заключения)"
"1968, 26 авг.","Подписание соглашений о «нормализации отношений» между руководством СССР и руководством Чехословакии А. Дубчеком и Л. Свободой, насильственно доставленными в Москву"
1969,"Вооруженные конфликты на советско-китайской границе в районе острова Даманский (март), Тасты (июнь), у озера Жаланашколь (август)"
"1969, 17 ноя.",Начало советско-американских переговоров об ограничении вооружений
"1970, 15 янв.","Всесоюзная перепись населения. Численность населения СССР – 241,7 миллиона человек"
"1970, 20 янв.",Официальное сообщение о создании Единой энергетической системы Европейской части СССР
"1970, 12 авг.",Договор с ФРГ. Отказ от применения силы. Признание западной границы Польши по Одеру – Нейсе 
"1970, ноя.",Создание в Москве несанкционированного властями Комитета прав человека в СССР
"1971, 11 фев.","Подписание в Москве, Вашингтоне и Лондоне договора о запрещении размещения ядерного оружия на морском дне"
"1971,
30 мар. –
9 апр.",24-й съезд КПСС. Утверждение директив 9-го пятилетнего плана (1971 – 1975). Выдвинут тезис о построении в СССР «развитого социализма»
"1971, 3 сен.","Четырехстороннее соглашение между СССР, Великобританией, США и Францией по Западному Берлину"
"1971, 11 сен.",Смерть Н. С. Хрущева
1971,"Договоры о дружбе и сотрудничестве с Египтом (27 мая), Индией (9 августа)"
1971,Пуск Волжского автомобильного завода в Тольятти
"1972, янв.",Судебный процесс по делу диссидента В. Буковского. Приговорен к 7 годам заключения и 5 годам ссылки
"1972, 9 апр.",Договор о дружбе и сотрудничестве с Ираком
"1972, 10 апр.","Подписание в Москве, Вашингтоне и Лондоне конвенции о запрещении бактериологического оружия"
"1972, 26 мая","Договор с США об ограничении систем противоракетной обороны. Временное соглашение об ограничении стратегических наступательных вооружений 
(ОСВ-1)"
"1972, 3 июл.",Пуск Красноярской ГЭС
"1974, 
12 – 13 фев.",Высылка из СССР писателя А. И. Солженицына
"1974, апр.",Возобновление строительства Байкало-Амурской магистрали (БАМ)
"1974, 11 июл.",Договор о дружбе и сотрудничестве с Сомали
"1974, 30 окт.",Объявление Инициативной группой защиты прав человека 30 октября Днем советских политзаключенных
"1975, май",Пуск первого участка БАМа
"1975, июл.","Совместный космический эксперимент СССР и США по программе 
«Союз-Аполлон»"
"1975, 30 июл.","Подписание в Хельсинки представителями 33 европейских государств, США и Канады Заключительного акта совещания по безопасности и сотрудничестве в Европе. Признание послевоенных границ"
1976,Пуск Камского автомобильного завода в Набережных Челнах 
"1976, 
24 фев. – 
5 мар.","25-й съезд КПСС. Утверждение основных заданий 10-го пятилетнего плана 
(на 1976 – 1980)"
"1976, 15 мар.",Денонсация Египтом договора с СССР (от 27 мая 1971)
"1976, май",Создание правозащитниками инициативной Группы по наблюдению за выполнением Хельсинских соглашений
"1976, 28 мая",Договор с США о подземных ядерных испытаниях в мирных целях
"1976,
май – июл.",Начало оказания военной помощи Анголе и Эфиопии
"1976, 8 окт.",Договор о дружбе и сотрудничестве с Анголой
"1977, 31 мар.",Договор о дружбе и сотрудничестве с Мозамбиком
"1977, 16 июн.",Отставка Н. В. Подгорного. Избрание Л. И. Брежнева председателем Президиума ВС СССР 
"1977, 7 окт.",Принятие новой Конституции СССР (в ее текст включены положения об общенародном характере государства и о направляющей роли КПСС в жизни страны; статья № 6)
"1977, 13 ноя.",Денонсация Сомали договора с СССР (от 11 июля 1974)
1978,"Договоры о дружбе и сотрудничестве с Социалистической Республикой Вьетнам (3 ноября), Эфиопией (8 ноября), Афганистаном (5 декабря)"
"1979, 17 янв.","Всесоюзная перепись населения. Численность населения СССР – 262,4 миллиона человек"
"1979, 18 июн.",Договор с США об ограничении стратегических наступательных вооружений (ОСВ-2)
"1979, 25 окт.",Договор о дружбе и сотрудничестве с Народной Демократической республикой Йемен
"1979,
26 – 27 дек.","Вторжение советских войск в Афганистан. Свержение и убийство президента 
Х. Амина"
"1980, 8 окт.",Договор о дружбе и сотрудничестве с Сирией
"1980, 23 окт.",Отставка А. Н. Косыгина (умер 18 декабря 1980). Назначение Н. А. Тихонова председателем СМ СССР 
"1981,
23 фев. – 
3 мар.",26-й съезд КПСС. Утверждение основных показателей 11-го пятилетнего плана (на 1981 - 1985)
1980,Олимпийские игры в Москве
1981 – 1985 ,Закрытые судебные процессы по обвинению в коррупции ряда высших должностных лиц
"1982, 10 ноя.",Смерть Л. И. Брежнева
"1982, 12 ноя.",Избрание Ю. В. Андропова генеральным секретарем ЦК КПСС 
1983,"Создание по инициативе Ю. А. Андропова комиссии 
М. С. Горбачева – Н. И. Рыжкова для подготовки экономической реформы"
"1983, 16 июн.",Избрание Ю. В. Андропова председателем Президиума ВС СССР
"1983, 17 июн.",Закон «О трудовых коллективах и повышении их роли в управлении предприятиями»
"1983, 24 ноя.",Заявление Ю. В. Андропова об отказе СССР от переговоров об ограничении и сокращении стратегических вооружений в Европе и намерении разместить в странах Варшавского договора новые ракеты среднего радиуса действия. Кризис в советско-американских отношениях
"1984, 9 фев.",Смерть Ю. В. Андропова
"1984, 10 фев.",Избрание К. У. Черненко генеральным секретарем ЦК КПСС (11 апреля избран председателем Президиума ВС СССР)
"1984, 9 окт.",Договор о дружбе и сотрудничестве с Йеменской Арабской Республикой
"1985, 10 мар.",Смерть К. У. Черненко
"1985, 11 мар.",Избрание М. С. Горбачева генеральным секретарем ЦК КПСС
"1985, 23 апр.",Пленум ЦК КПСС. Курс на «ускорение экономического развития». Начало «перестройки»
"1985, 17 мая",Начало антиалкогольной кампании
"1985, 2 июл.",Избрание А. А. Громыко председателем Президиума ВС СССР
"1985, 27 сен.",Отставка Н. А. Тихонова. Назначение Н. И. Рыжкова председателем СМ СССР
"1986,
25 фев. – 
6 апр.",27-й съезд КПСС. Принятие новой редакции Программы КПСС и основных направлений экономического и социального развития СССР (на 1986 – 1990) 
"1986, 26 апр.",Катастрофа на Чернобыльской АЭС
"1986, 15 мая",Постановление ЦК КПСС и СМ СССР «О мерах по усилению борьбы с нетрудовыми доходами». Начало кампании против индивидуальной трудовой деятельности
"1986, 28 авг.",Постановление СМ СССР о либерализации въезда и выезда из СССР
"1986, 19 ноя.",Закон об индивидуальной трудовой деятельности. Начало предпринимательства 
"1986,
17 – 19 дек.","Волнения в Алма-Ате, связанные с отставкой первого секретаря ЦК Компартии Казахстана Д. А. Кунаева "
1986,Ослабление цензуры. Публикация ранее запрещенных произведений
"1987, 13 янв.",Постановление СМ СССР о создании совместных с зарубежными фирмами предприятий
"1987, 5 фев.","Постановление СМ СССР о создании кооперативов общественного питания, бытового обслуживания, производства товаров народного потребления"
"1987, 28 мая","Приземление в Москве на Васильевском спуске около Кремля спортивного самолета, управляемого пилотом из ФРГ. Отставки в Министерстве Обороны"
"1987, 
25 – 26 июн.",Пленум ЦК КПСС. Фактическое признание провала курса на «ускорение»
"1987, 30 июн.","Закон о государственном предприятии. Создание советов трудовых коллективов, введение выборности руководителей"
"1987, июн.",Демонстрация крымских татар на Красной площади в Москве с требованием восстановления автономной республики
"1987, 23 авг.","Массовые демонстрации в Латвии, Литве и Эстонии в связи с 48-й годовщиной пакта Молотова-Риббентопа"
"1987, 21 окт.","Пленум ЦК КПСС. Выступление первого секретаря МГК, кандидата в члены политбюро ЦК КПСС Б. Н. Ельцина с критикой руководства партией"
"1987, 8 дек.",Договор с США о ликвидации ракет средней и меньшей дальности
1987,Возникновение «неформальных» движений под флагом защиты «перестройки»
"1988, фев.",Начало армяно-азербайджанского конфликта в Нагорном Карабахе. Армянский погром в Сумгаите
"1988, май",Создание в Москве Демократического союза – первой оппозиционной партии
"1988, 15 мая – 1989, 15 фев.",Вывод советских войск из Афганистана
"1988,
28 июн. – 
1 июл.",XIX Всесоюзная конференция КПСС. Принятие программы реформы политической системы
"1988, 1 окт.",Отставка А. А. Громыко. Избрание М. С. Горбачева председателем Президиума ВС СССР 
"1988, 26 ноя.",Провозглашение суверенитета Эстонии
"1988, 1 дек.","Внесение изменений в Конституцию СССР, учреждение Съезда народных депутатов и должности председателя Верховного Совета, избираемого съездом"
1988,Создание Народных фронтов в защиту «перестройки»
"1989, 12 янв.","Всесоюзная перепись населения. Численность населения СССР – 286,7 миллиона человек"
"1989, 26 мар.",1-й тур выборов народных депутатов СССР. Успех сторонников реформ
"1989, 9 апр.",Вооруженное подавление массовой демонстрации в Тбилиси с требованием независимости Грузии
"1989, 25 апр.",Пленум ЦК КПСС. Отставка 110 членов и кандидатов в члены ЦК
"1989, 21 мая",Массовый митинг в Москве сторонников демократических реформ
"1989,
25 мая – 
9 июл.","1-й Съезд народных депутатов СССР. Избрание М. С. Горбачева председателем Верховного Совета СССР. Назначение Н. И. Рыжкова председателем СМ СССР. Формирование оппозиционной Межрегиональной депутатской группы 
(Б. Н. Ельцин, А. Д. Сахаров и др.) "
"1989, май",Провозглашение Литвой и Арменией суверенитета
"1989, июн.",Межнациональные столкновения в Узене (Казахстан) и Фергане (Узбекистан)
"1989, июл.",Начало вооруженных конфликтов в Абхазии
"1989, июл.",Массовые забастовки шахтеров
"1989, 28 июл.",Провозглашение Латвией суверенитета
"1989, 15 авг.",Создание на базе бывшего Министерства газовой промышленности государственного концерна «Газпром»
"1989,
19 – 20 сен.",Пленум ЦК КПСС. Решение о подготовке нового союзного договора
"1989, 23 сен.",Провозглашение Азербайджаном суверенитета
"1989, 9 окт.","Закон о трудовых конфликтах, признающий право на забастовку"
"1989,27 окт.",Принятие поправок к Конституции РСФСР (учреждение Съезда народных депутатов РСФСР)
"1989, дек.",Оформление движения «Демократический выбор»
"1989,
12 – 24 дек.",2-й Съезд народных депутатов СССР. Осуждение пакта Молотова-Риббентопа (заключенного 23 августа 1939)
"1989, 13 дек.","Образование Либерально-демократической партии России 
(лидер В. В. Жириновский)"
"1990, 
янв – апр.","Разработка проектов рыночных реформ правительственной группой 
Л. И. Абалкина и альтернативной группой Г. А. Явлинского"
"1990, янв.","Армянские погромы в Баку. Ввод в Баку войск МВД СССР. Обострение 
армяно-азербайджанского конфликта после фактического отстранения от власти коммунистического руководства"
"1990, янв.",Создание избирательного блока «Демократическая Россия»
"1990, янв.",Соглашения с Чехословакией и Венгрией и выводе советских войск из этих стран
"1990, 4 фев.",Митинг в Москве с требованием отмены монополии КПСС на власть
"1990, фев.",Ликвидация военной организации Варшавского договора
"1990, 2 мар.",Образование группы Демократическая платформа КПСС
"1990, 11 мар.",Провозглашение Литвой независимости (под давлением Центра акция приостановлена 29 июня)
"1990,
12 – 15 мар.","3-й Съезд народных депутатов СССР. Отмена 6-й статьи Конституции СССР, декларирующей руководящую роль КПСС. Учреждение поста президента СССР. Президентом на съезде избран М. С. Горбачев, председателем ВС СССР – 
А. И. Лукьянов"
"1990, 30 мар.",Провозглашение Эстонией независимости (при сохранении связей с Центром)
"1990,
28 – 29 апр.",Заявление М. С. Горбачева о неприемлемости для СССР вступления объединенной Германии в НАТО  
"1990, 14 мая",Провозглашение Латвией независимости
"1990,
15 мая – 
24 июн.","1-й Съезд народных депутатов РСФСР. Избрание председателем ВС РСФСР 
Б. Н. Ельцина (29 мая). Назначение председателем СМ РСФСР И. С. Силаева 
(15 июня). Запрет на совмещение партийных и государственных должностей"
"1990, июн.",Избрание патриархом Московским и всея Руси митрополита Ленинградского Алексия
"1990, 12 июн.",Принятие 1-м съездом народных депутатов РСФСР Декларации о государственном суверенитете РСФСР 
"1990, 
14 – 16 июн.",Согласие СССР на вхождение объединенной Германии в НАТО
"1990, июн.",Учредительный съезд Компартии РСФСР
"1990,
2 – 13 июл.","28-й съезд КПСС. Фактический раскол среди делегатов. Принятие программного заявления (вместо Программы партии). Заявление Б. Н. Ельцина, мэра Москвы
Г. Х. Попова и мэра Ленинграда А. А. Собчака о выходе из КПСС. Начало массового выхода из партии"
"1990, 24 июл.",Отмена ограничений на продажу алкогольных напитков
"1990, авг.",Провозглашение Арменией независимости
"1990
авг. – ноя.","Провозглашение Татарстаном, Карелией, Якутией, Коми, Удмуртией, Башкирией и другими бывшими автономиями государственного суверенитета"
"1990, 12 сен.","Договор между СССР, Великобританией, США, Францией, ФРГ и ГДР об окончательном урегулировании в отношении Германии: объединение Германии, вступление ее в НАТО, вывод оккупационных войск"
"1990, 
сен. – дек.",Соглашения со странами Запада о кредитах
"1990,
20 – 21 окт.",Учредительный съезд оппозиционного движения «Демократическая Россия»
"1990, окт.",Принятие союзным руководством экономической программы Н. И. Рыжкова. Открытый конфликт с руководством РСФСР. Провозглашение Б. Н. Ельциным выхода РСФСР из подчинения Центру
"1990, 9 ноя.","Договор о добрососедстве, партнерстве и сотрудничестве с ФРГ"
"1990,
17 – 27 дек.","4-й Съезд народных депутатов СССР. Избрание вице-президентом СССР 
Г. И. Янаева. Замена Совета Министров подотчетным президенту Кабинетом министров"
"1990, 24 дек.",Закон РСФСР о собственности. Признание частной собственности
1990,"Провозглашение Молдавией, Украиной, Белоруссией, Азербайджаном государственного суверенитета"
"1991,
12 – 13 янв.",Штурм федеральными войсками здания телецентра в Вильнюсе
"1991, 14 янв.",Назначение В. С. Павлова председателем кабинета министров СССР 
"1991, 20 янв.",Штурм подразделением ОМОНа здания Министерства внутренних дел Латвии
"1991, 24 янв.",Замена 50- и 100-рублевых купюр (официальная цель – «борьба с теневой экономикой»). Усиление недовольства населения
"1991, фев.",Массовые демонстрации оппозиции в Москве
"1991, 
мар. – апр.",Массовые забастовки шахтеров
"1991, 17 мар.",Всесоюзный референдум «О сохранении обновленного союза». Большинство избирателей высказалось за сохранение Союза. На всероссийском референдуме большинство избирателей проголосовало за введение поста президента РСФСР
"1991, 28 мар.",Ввод войск в Москву под предлогом  защиты народных депутатов от «морального террора» демонстрантов. Выведены по требованию Съезда народных депутатов РСФСР
"1991, 2 апр.",Повышение розничных цен
"1991, 12 июн.","Избрание Б. Н. Ельцина президентом РСФСР. Вице-президентом избран 
А. В. Руцкой "
"1991, 17 июн.",Требование В. С. Павлова предоставить Кабинету министров чрезвычайные полномочия (отвергнуто ВС СССР 21 июля)
"1991, 1 июл.",Прекращение действия Варшавского договора
"1991, 1 июл.",Создание Движения демократических реформ
"1991, 9 июл.",Договор о дружбе и сотрудничестве с Испанией
"1991, 20 июл.",Указ президента РСФСР о департизации (фактическое запрещение деятельности КПСС на предприятиях и учреждениях)
"1991, 23 июл.",Согласование с М. С. Горбачевым и руководителями 9 республик проекта нового Союзного договора (подписание Договора назначено на 20 августа)
"1991, 31 июл.",Договор с США о сокращении и ограничении стратегических наземных вооружений
"1991, 19 авг.","Создание Государственного комитета по чрезвычайному положению (ГКЧП). Изоляция президента М. С. Горбачева в Крыму (с 18 августа). Объявление чрезвычайного положения в отдельных районах страны. Ввод войск в Москву. Обращение президента и правительства РСФСР «К гражданам России», в котором действия ГКЧП характеризуются как государственный переворот, и содержится призыв к населению дать отпор «гэкачепистам». Начало массовых митингов и демонстраций в Москве "
"1991, 21 авг.","Открытие Чрезвычайной сессии ВС РСФСР. Отбытие А. В. Руцкого и 
И. С. Силаева в Крым для встречи с М. С. Горбачевым. Возвращение Горбачева в Москву"
"1991,
21 авг. – 
1 сен.","Провозглашение независимости Эстонией, Латвией, Украиной, Молдавией, Азербайджаном, Узбекистаном, Киргизией"
"1991, 22 авг.",Предоставление президенту РСФСР Б. Н. Ельцину чрезвычайных полномочий
"1991, 23 авг.",Указ президента РСФСР о приостановке деятельности КПСС в России
"1991, 24 авг.",Заявление М. С. Горбачева об отставке с поста генерального секретаря ЦК КПСС
"1991, 2 сен.",Заявление М. С. Горбачева и руководителей 9 республик о подготовке нового варианта договора
"1991,
2 – 6 сен.","5-й Внеочередной съезд народных депутатов СССР. Решение о передаче всей полноты власти вновь созданному органу – Государственному совету в составе президента СССР и высших должностных лиц республик. Фактический самороспуск съезда. Признание Госсоветом независимости Латвии Литвы, Эстонии"
"1991, 26 сен.",Отставка И. С. Силаева с поста председателя СМ РСФСР
"1991, 7 окт.",Насильственный переход власти в Чечено-Ингушетии к Д. Дудаеву (27 октября избран президентом республики)
"1991,
28 окт. – 
6 ноя.","2-й этап 5-го Внеочередного съезда народных депутатов РСФСР. Принятие программы радикальных экономических реформ; предоставление президенту чрезвычайных полномочий на период проведения реформ. Избрание Р. И. Хасбулатова председателем 
ВС РСФСР (28 октября)"
"1991, 6 ноя.","Формирование Б. Н. Ельциным правительства реформ (заместителем главы правительства по вопросам экономической реформы назначен 
Е. Т. Гайдар)"
"1991, 6 ноя.",Указ президента РСФСР о запрете КПСС и КП РСФСР
"1991, 3 дек.",Признание РСФСР независимости Украины
"1991, 8 дек.","Заявление президента РСФСР Б. Н. Ельцина, президента Украины 
Л. М. Кравчука и председателя ВС Белоруссии С. С. Шушкевича о прекращении существования СССР и создании Содружества Независимых Государств (СНГ) (т. н. «Беловежские соглашения»)"
"1991, 21 дек.","Подписание в Алма-Ате Декларации об образовании СНГ. Присоединение к СНГ Казахстана, Киргизии, Таджикистана, Туркмении, Узбекистана"
"1991, 25 дек.",Заявление М. С. Горбачева об отставке с поста президента СССР
"1991, 25 дек.",Переименование РСФСР в Российскую Федерацию (РФ)
"1992, 2 янв.",Начало экономических реформ. «Либерализация цен» (на основании указа президента РСФСР от 6 декабря 1991)
"1992, 1 фев.",Российско-американская декларация о завершении «холодной войны»
"1992, 7 фев.",Сообщение о закрытии последней колонии для политических заключенных
"1992, 14 фев.",Декларация глав государств СНГ о принципах сотрудничества. Соглашение стран СНГ о статусе стратегических сил
"1992, 16 мар.",Образование Министерства обороны РФ
"1992, 21 мар.",Проведение в Татарстане референдума о суверенитете (большинство проголосовало за суверенитет)
"1992, 31 мар.","Федеративный договор о разграничении полномочий между федеральными органами власти республик (подписан всеми республиками, кроме Татарстана и Чечни)"
"1992, 27 апр.",Принятие России в Международный валютный фонд
"1992, 
11 июн.",Принятие ВС РФ программы приватизации государственных и муниципальных предприятий
"1992, 
15 июн.",Назначение Е. Т. Гайдара исполняющим обязанности премьера правительства РФ
"1992, 
16 июл.",Постановление ВС РФ о реабилитации казачества
"1992, 14 авг.",Указ президента РФ о введение в действие системы приватизационных чеков («ваучеров»)
"1992, 26 окт.",Учредительный конгресс оппозиционного Фронта национального спасения (ФНС). Запрещение деятельности ФНС как антиконституционного Указом президента (28 октября) 
"1992, 2 ноя.",Введение чрезвычайного положения на территории Северной Осетии и Ингушетии
"1992, 
1 – 15 дек.","7-й Съезд народных депутатов РФ. Обострение противостояния Съезда и президента. Назначение председателем правительства РФ 
В. С. Черномырдина"
1992 – 1996 ,"Участие российских войск в миротворческих акциях на территории СНГ, а также в бывшей Югославии"
"1993, 2 янв.",Договор с США о сокращении стратегического наступательного оружия
"1991,
28 окт. – 
6 ноя.","2-й этап 5-го Внеочередного съезда народных депутатов РСФСР. Принятие программы радикальных экономических реформ; предоставление президенту чрезвычайных полномочий на период проведения реформ. Избрание Р. И. Хасбулатова председателем 
ВС РСФСР (28 октября)"
"1991, 6 ноя.","Формирование Б. Н. Ельциным правительства реформ (заместителем главы правительства по вопросам экономической реформы назначен 
Е. Т. Гайдар)"
"1991, 6 ноя.",Указ президента РСФСР о запрете КПСС и КП РСФСР
"1991, 3 дек.",Признание РСФСР независимости Украины
"1991, 8 дек.","Заявление президента РСФСР Б. Н. Ельцина, президента Украины 
Л. М. Кравчука и председателя ВС Белоруссии С. С. Шушкевича о прекращении существования СССР и создании Содружества Независимых Государств (СНГ) (т. н. «Беловежские соглашения»)"
"1991, 21 дек.","Подписание в Алма-Ате Декларации об образовании СНГ. Присоединение к СНГ Казахстана, Киргизии, Таджикистана, Туркмении, Узбекистана"
"1991, 25 дек.",Заявление М. С. Горбачева об отставке с поста президента СССР
"1991, 25 дек.",Переименование РСФСР в Российскую Федерацию (РФ)
"1992, 2 янв.",Начало экономических реформ. «Либерализация цен» (на основании указа президента РСФСР от 6 декабря 1991)
"1992, 1 фев.",Российско-американская декларация о завершении «холодной войны»
"1992, 7 фев.",Сообщение о закрытии последней колонии для политических заключенных
"1992, 14 фев.",Декларация глав государств СНГ о принципах сотрудничества. Соглашение стран СНГ о статусе стратегических сил
"1992, 16 мар.",Образование Министерства обороны РФ
"1992, 21 мар.",Проведение в Татарстане референдума о суверенитете (большинство проголосовало за суверенитет)
"1992, 31 мар.","Федеративный договор о разграничении полномочий между федеральными органами власти республик (подписан всеми республиками, кроме Татарстана и Чечни)"
"1992, 27 апр.",Принятие России в Международный валютный фонд
"1992, 
11 июн.",Принятие ВС РФ программы приватизации государственных и муниципальных предприятий
"1992, 
15 июн.",Назначение Е. Т. Гайдара исполняющим обязанности премьера правительства РФ
"1992, 
16 июл.",Постановление ВС РФ о реабилитации казачества
"1992, 14 авг.",Указ президента РФ о введение в действие системы приватизационных чеков («ваучеров»)
"1992, 26 окт.",Учредительный конгресс оппозиционного Фронта национального спасения (ФНС). Запрещение деятельности ФНС как антиконституционного Указом президента (28 октября) 
"1992, 2 ноя.",Введение чрезвычайного положения на территории Северной Осетии и Ингушетии
"1992, 
1 – 15 дек.","7-й Съезд народных депутатов РФ. Обострение противостояния Съезда и президента. Назначение председателем правительства РФ 
В. С. Черномырдина"
1992 – 1996 ,"Участие российских войск в миротворческих акциях на территории СНГ, а также в бывшей Югославии"
"1993, 2 янв.",Договор с США о сокращении стратегического наступательного оружия
"1991,
28 окт. – 
6 ноя.","2-й этап 5-го Внеочередного съезда народных депутатов РСФСР. Принятие программы радикальных экономических реформ; предоставление президенту чрезвычайных полномочий на период проведения реформ. Избрание Р. И. Хасбулатова председателем 
ВС РСФСР (28 октября)"
"1991, 6 ноя.","Формирование Б. Н. Ельциным правительства реформ (заместителем главы правительства по вопросам экономической реформы назначен 
Е. Т. Гайдар)"
"1991, 6 ноя.",Указ президента РСФСР о запрете КПСС и КП РСФСР
"1991, 3 дек.",Признание РСФСР независимости Украины
"1991, 8 дек.","Заявление президента РСФСР Б. Н. Ельцина, президента Украины 
Л. М. Кравчука и председателя ВС Белоруссии С. С. Шушкевича о прекращении существования СССР и создании Содружества Независимых Государств (СНГ) (т. н. «Беловежские соглашения»)"
"1991, 21 дек.","Подписание в Алма-Ате Декларации об образовании СНГ. Присоединение к СНГ Казахстана, Киргизии, Таджикистана, Туркмении, Узбекистана"
"1991, 25 дек.",Заявление М. С. Горбачева об отставке с поста президента СССР
"1991, 25 дек.",Переименование РСФСР в Российскую Федерацию (РФ)
"1992, 2 янв.",Начало экономических реформ. «Либерализация цен» (на основании указа президента РСФСР от 6 декабря 1991)
"1992, 1 фев.",Российско-американская декларация о завершении «холодной войны»
"1992, 7 фев.",Сообщение о закрытии последней колонии для политических заключенных
"1992, 14 фев.",Декларация глав государств СНГ о принципах сотрудничества. Соглашение стран СНГ о статусе стратегических сил
"1992, 16 мар.",Образование Министерства обороны РФ
"1992, 21 мар.",Проведение в Татарстане референдума о суверенитете (большинство проголосовало за суверенитет)
"1992, 31 мар.","Федеративный договор о разграничении полномочий между федеральными органами власти республик (подписан всеми республиками, кроме Татарстана и Чечни)"
"1992, 27 апр.",Принятие России в Международный валютный фонд
"1992, 
11 июн.",Принятие ВС РФ программы приватизации государственных и муниципальных предприятий
"1992, 
15 июн.",Назначение Е. Т. Гайдара исполняющим обязанности премьера правительства РФ
"1992, 
16 июл.",Постановление ВС РФ о реабилитации казачества
"1992, 14 авг.",Указ президента РФ о введение в действие системы приватизационных чеков («ваучеров»)
"1992, 26 окт.",Учредительный конгресс оппозиционного Фронта национального спасения (ФНС). Запрещение деятельности ФНС как антиконституционного Указом президента (28 октября) 
"1992, 2 ноя.",Введение чрезвычайного положения на территории Северной Осетии и Ингушетии
"1992, 
1 – 15 дек.","7-й Съезд народных депутатов РФ. Обострение противостояния Съезда и президента. Назначение председателем правительства РФ 
В. С. Черномырдина"
1992 – 1996 ,"Участие российских войск в миротворческих акциях на территории СНГ, а также в бывшей Югославии"
"1993, 2 янв.",Договор с США о сокращении стратегического наступательного оружия
"1991,
28 окт. – 
6 ноя.","2-й этап 5-го Внеочередного съезда народных депутатов РСФСР. Принятие программы радикальных экономических реформ; предоставление президенту чрезвычайных полномочий на период проведения реформ. Избрание Р. И. Хасбулатова председателем 
ВС РСФСР (28 октября)"
"1991, 6 ноя.","Формирование Б. Н. Ельциным правительства реформ (заместителем главы правительства по вопросам экономической реформы назначен 
Е. Т. Гайдар)"
"1991, 6 ноя.",Указ президента РСФСР о запрете КПСС и КП РСФСР
"1991, 3 дек.",Признание РСФСР независимости Украины
"1991, 8 дек.","Заявление президента РСФСР Б. Н. Ельцина, президента Украины 
Л. М. Кравчука и председателя ВС Белоруссии С. С. Шушкевича о прекращении существования СССР и создании Содружества Независимых Государств (СНГ) (т. н. «Беловежские соглашения»)"
"1991, 21 дек.","Подписание в Алма-Ате Декларации об образовании СНГ. Присоединение к СНГ Казахстана, Киргизии, Таджикистана, Туркмении, Узбекистана"
"1991, 25 дек.",Заявление М. С. Горбачева об отставке с поста президента СССР
"1991, 25 дек.",Переименование РСФСР в Российскую Федерацию (РФ)
"1992, 2 янв.",Начало экономических реформ. «Либерализация цен» (на основании указа президента РСФСР от 6 декабря 1991)
"1992, 1 фев.",Российско-американская декларация о завершении «холодной войны»
"1992, 7 фев.",Сообщение о закрытии последней колонии для политических заключенных
"1992, 14 фев.",Декларация глав государств СНГ о принципах сотрудничества. Соглашение стран СНГ о статусе стратегических сил
"1992, 16 мар.",Образование Министерства обороны РФ
"1992, 21 мар.",Проведение в Татарстане референдума о суверенитете (большинство проголосовало за суверенитет)
"1992, 31 мар.","Федеративный договор о разграничении полномочий между федеральными органами власти республик (подписан всеми республиками, кроме Татарстана и Чечни)"
"1992, 27 апр.",Принятие России в Международный валютный фонд
"1992, 
11 июн.",Принятие ВС РФ программы приватизации государственных и муниципальных предприятий
"1992, 
15 июн.",Назначение Е. Т. Гайдара исполняющим обязанности премьера правительства РФ
"1992, 
16 июл.",Постановление ВС РФ о реабилитации казачества
"1992, 14 авг.",Указ президента РФ о введение в действие системы приватизационных чеков («ваучеров»)
"1992, 26 окт.",Учредительный конгресс оппозиционного Фронта национального спасения (ФНС). Запрещение деятельности ФНС как антиконституционного Указом президента (28 октября) 
"1992, 2 ноя.",Введение чрезвычайного положения на территории Северной Осетии и Ингушетии
"1992, 
1 – 15 дек.","7-й Съезд народных депутатов РФ. Обострение противостояния Съезда и президента. Назначение председателем правительства РФ 
В. С. Черномырдина"
1992 – 1996 ,"Участие российских войск в миротворческих акциях на территории СНГ, а также в бывшей Югославии"
"1993, 2 янв.",Договор с США о сокращении стратегического наступательного оружия
"1991,
28 окт. – 
6 ноя.","2-й этап 5-го Внеочередного съезда народных депутатов РСФСР. Принятие программы радикальных экономических реформ; предоставление президенту чрезвычайных полномочий на период проведения реформ. Избрание Р. И. Хасбулатова председателем 
ВС РСФСР (28 октября)"
"1991, 6 ноя.","Формирование Б. Н. Ельциным правительства реформ (заместителем главы правительства по вопросам экономической реформы назначен 
Е. Т. Гайдар)"
"1991, 6 ноя.",Указ президента РСФСР о запрете КПСС и КП РСФСР
"1991, 3 дек.",Признание РСФСР независимости Украины
"1991, 8 дек.","Заявление президента РСФСР Б. Н. Ельцина, президента Украины 
Л. М. Кравчука и председателя ВС Белоруссии С. С. Шушкевича о прекращении существования СССР и создании Содружества Независимых Государств (СНГ) (т. н. «Беловежские соглашения»)"
"1991, 21 дек.","Подписание в Алма-Ате Декларации об образовании СНГ. Присоединение к СНГ Казахстана, Киргизии, Таджикистана, Туркмении, Узбекистана"
"1991, 25 дек.",Заявление М. С. Горбачева об отставке с поста президента СССР
"1991, 25 дек.",Переименование РСФСР в Российскую Федерацию (РФ)
"1992, 2 янв.",Начало экономических реформ. «Либерализация цен» (на основании указа президента РСФСР от 6 декабря 1991)
"1992, 1 фев.",Российско-американская декларация о завершении «холодной войны»
"1992, 7 фев.",Сообщение о закрытии последней колонии для политических заключенных
"1992, 14 фев.",Декларация глав государств СНГ о принципах сотрудничества. Соглашение стран СНГ о статусе стратегических сил
"1992, 16 мар.",Образование Министерства обороны РФ
"1992, 21 мар.",Проведение в Татарстане референдума о суверенитете (большинство проголосовало за суверенитет)
"1992, 31 мар.","Федеративный договор о разграничении полномочий между федеральными органами власти республик (подписан всеми республиками, кроме Татарстана и Чечни)"
"1992, 27 апр.",Принятие России в Международный валютный фонд
"1992, 
11 июн.",Принятие ВС РФ программы приватизации государственных и муниципальных предприятий
"1992, 
15 июн.",Назначение Е. Т. Гайдара исполняющим обязанности премьера правительства РФ
"1992, 
16 июл.",Постановление ВС РФ о реабилитации казачества
"1992, 14 авг.",Указ президента РФ о введение в действие системы приватизационных чеков («ваучеров»)
"1992, 26 окт.",Учредительный конгресс оппозиционного Фронта национального спасения (ФНС). Запрещение деятельности ФНС как антиконституционного Указом президента (28 октября) 
"1992, 2 ноя.",Введение чрезвычайного положения на территории Северной Осетии и Ингушетии
"1992, 
1 – 15 дек.","7-й Съезд народных депутатов РФ. Обострение противостояния Съезда и президента. Назначение председателем правительства РФ 
В. С. Черномырдина"
1992 – 1996 ,"Участие российских войск в миротворческих акциях на территории СНГ, а также в бывшей Югославии"
"1993, 2 янв.",Договор с США о сокращении стратегического наступательного оружия
"1991,
28 окт. – 
6 ноя.","2-й этап 5-го Внеочередного съезда народных депутатов РСФСР. Принятие программы радикальных экономических реформ; предоставление президенту чрезвычайных полномочий на период проведения реформ. Избрание Р. И. Хасбулатова председателем 
ВС РСФСР (28 октября)"
"1991, 6 ноя.","Формирование Б. Н. Ельциным правительства реформ (заместителем главы правительства по вопросам экономической реформы назначен 
Е. Т. Гайдар)"
"1991, 6 ноя.",Указ президента РСФСР о запрете КПСС и КП РСФСР
"1991, 3 дек.",Признание РСФСР независимости Украины
"1991, 8 дек.","Заявление президента РСФСР Б. Н. Ельцина, президента Украины 
Л. М. Кравчука и председателя ВС Белоруссии С. С. Шушкевича о прекращении существования СССР и создании Содружества Независимых Государств (СНГ) (т. н. «Беловежские соглашения»)"
"1991, 21 дек.","Подписание в Алма-Ате Декларации об образовании СНГ. Присоединение к СНГ Казахстана, Киргизии, Таджикистана, Туркмении, Узбекистана"
"1991, 25 дек.",Заявление М. С. Горбачева об отставке с поста президента СССР
"1991, 25 дек.",Переименование РСФСР в Российскую Федерацию (РФ)
"1992, 2 янв.",Начало экономических реформ. «Либерализация цен» (на основании указа президента РСФСР от 6 декабря 1991)
"1992, 1 фев.",Российско-американская декларация о завершении «холодной войны»
"1992, 7 фев.",Сообщение о закрытии последней колонии для политических заключенных
"1992, 14 фев.",Декларация глав государств СНГ о принципах сотрудничества. Соглашение стран СНГ о статусе стратегических сил
"1992, 16 мар.",Образование Министерства обороны РФ
"1992, 21 мар.",Проведение в Татарстане референдума о суверенитете (большинство проголосовало за суверенитет)
"1992, 31 мар.","Федеративный договор о разграничении полномочий между федеральными органами власти республик (подписан всеми республиками, кроме Татарстана и Чечни)"
"1992, 27 апр.",Принятие России в Международный валютный фонд
"1992, 
11 июн.",Принятие ВС РФ программы приватизации государственных и муниципальных предприятий
"1992, 15 июн.",Назначение Е. Т. Гайдара исполняющим обязанности премьера правительства РФ
"1992, 16 июл.",Постановление ВС РФ о реабилитации казачества
"1992, 14 авг.",Указ президента РФ о введение в действие системы приватизационных чеков («ваучеров»)
"1992, 26 окт.",Учредительный конгресс оппозиционного Фронта национального спасения (ФНС). Запрещение деятельности ФНС как антиконституционного Указом президента (28 октября) 
"1992, 2 ноя.",Введение чрезвычайного положения в Северной Осетии и Ингушетии
"1992, 
1 – 15 дек.",7-й Съезд народных депутатов РФ. Обострение противостояния Съезда и президента. Назначение В. С. Черномырдина председателем правительства России 
1992 – 1996 ,"Участие российских войск в миротворческих акциях на территории СНГ, а также в бывшей Югославии"
"1993, 2 янв.",Договор с США о сокращении стратегического наступательного оружия
"1993, янв.","Начало конституционного кризиса, вызванного противостоянием законодательной и исполнительной власти"
"1993, 
10 – 13 мар.",8-й Внеочередной съезд народных депутатов РФ. Постановление о соблюдении Конституции РФ высшими органами государственной власти и должностными лицами
"1993, 20 мар.","Телевизионное обращение президента РФ Б. Н. Ельцина с изложением 
Указа № 379 «Об особом порядке управления до преодоления кризиса власти»"
"1993, 23 мар.",Заключение Конституционного суда о несоответствии положений Указа № 379 Конституции
"1993, 
26 – 29 мар.","9-й Внеочередной съезд народных депутатов РФ. Попытка отрешения президента Б. Н. Ельцина от власти. Решение о проведении референдума о доверии президенту, председателю ВС и депутатскому корпусу"
"1993, 1 апр.",Введение чрезвычайного положения на территории Пригородного района на границе Северной Осетии и Ингушетии (неоднократно возобновлялось)
"1993, 25 апр.","Всероссийский референдум. Большинство участников референдума высказались за доверие президенту, против досрочных президентских и парламентских выборов"
"1993, 1 мая",Демонстрация оппозиционных сил в Москве. Столкновение демонстрантов с подразделениями милиции и ОМОНа на Гагаринской площади
"1993, 3 июн.","Всероссийское конституционное совещание, созванное сторонниками оппозиционных партий и движений"
"1993, 4 июн.",Постановление ВС РФ о порядке согласования и принятия на очередном Съезде народных депутатов (17 ноября 1993) проекта новой Конституции
"1993, 5 июн.","Открытие Конституционного совещания, созванного по инициативе 
Б. Н. Ельцина. Уход с совещания Р. И. Хасбулатова и председателя 
Конституционного суда В. Д. Зорькина"
"1993, 19 авг.","Заявление Б. Н. Ельцина о деятельности ВС РФ, угрожающей безопасности России"
"1993, 21 сен.","Телевизионное обращение Б. Н. Ельцина с изложением Указа №1400 «О поэтапной конституционной реформе» (Фактический роспуск Съезда народных депутатов и ВС РФ, назначение выборов в Государственную думу на 11 – 12 декабря 1993, наделение Совета Федерации функциями палаты Федерального собрания)"
"1993, 21 сен.","Телевизионное выступление Р. И. Хасбулатова с оценкой действий президента, как государственного переворота. Экстренные заседания президиума и палат ВС РФ. Постановление о прекращении полномочий Б. Н. Ельцина. Возложение обязанностей президента на А. В. Руцкого"
"1993, 23 сен.",Указ президента РФ Б. Н. Ельцина о назначении досрочных выборов президента (на 12 июня 1994). Начало блокады здания ВС РФ. Открытие Съезда народных депутатов РФ (при отсутствии кворума) 
"1993, 2 окт.",Столкновения сторонников ВС с милицией и ОМОНом на Смоленской площади Москвы
"1993, 3 окт.","Захват сторонниками ВС РФ  здания мэрии и штурм телецентра в Останкино. Введение чрезвычайного положения в Москве. Указ президента РФ Б. Н. Ельцина об отставке А. В. Руцкого с поста вице-президента. Ввод в Москву войск, верных президенту"
"1993, 4 окт.","Штурм здания ВС РФ. Обращение Б. Н. Ельцина к гражданам России с оценкой событий в Москве как «заранее спланированного фашистско-коммунистического мятежа». Арест А. В. Руцкого, Р. И. Хасбулатова и др."
"1993, 12 дек.","Выборы в Совет Федерации и Государственную думу. Референдум по вопросу Конституции РФ (за принятие Конституции высказались 58,4% голосовавших)"
"1994, 23 фев.","Принятие Государственной думой постановления об амнистии за политические и экономические преступления (распространена на участников событий 
августа 1991 и сентября – октября 1993)"
"1994, 28 апр.",Начало подписания представителями политических и общественных сил «Договора об общественном согласии»
"1994, июн.",Присоединение РФ к программе НАТО «Партнерство во имя мира»
"1994, 10 авг.",Съезд сторонников Д. Дудаева в Грозном. Призыв к объявлению «священной войны» против России
"1994, 31 авг.",Завершение вывода Российских войск из Германии
"1994, 28 ноя.",Попытка оппозиционных режиму Д. Дудаева сил в Чечне ворваться в Грозный
"1994,
10 – 12 дек.",Ввод в Чечню войск Министерства обороны и МВД РФ. Начало широкомасштабных военных действий в Чечне
"1995, 1 янв.",Штурм Грозного федеральными войсками
"1995, 14 июн.",Вооруженное нападение чеченских боевиков на Буденновск в Ставропольском крае
"1995, 17 дек.",Выборы в Государственную думу
"1996, янв.",Вооруженное нападение чеченских боевиков на Кизляр в Дагестане. Вытеснение боевиков в село Первомайское. Штурм села федеральными войсками
"1996, 3 апр.",Соглашение о создании Сообщества России и Белоруссии
"1996, 20 апр.",Гибель Д. Дудаева
"1996, 27 мая",Переговоры в Кремле (при участии Б. Н. Ельцина) между делегатами РФ и представителями чеченских сепаратистов во главе с З. Яндарбиевым. Достижение принципиальной договоренности о прекращении военных действий
"1996, 4 июл.",2-й тур президентских выборов. Избрание Б. Н. Ельцина президентом Российской Федерации на второй срок
"1996,
авг. – сен.",Переговоры и подписание соглашения о мирном урегулировании в Чечне
"1997, 2 апр.",Договор о Союзе России и Белоруссии
"1997, 12 мая",Договор о мире и принципах взаимоотношений между РФ и Чеченской республикой Ичкерия
"1997, 23 мая",Подписание Устава Союза России и Белоруссии
"1997, 27 мая","Подписание основополагающего акта о взаимных отношениях, сотрудничестве и безопасности между РФ и Организацией Североатлантического договора"
"1998, 23 мар.",Отставка В. С. Черномырдина с поста председателя правительства РФ
"1998, 24 апр.",Назначение С. В. Кириенко председателм правительства РФ
"1998, 23 авг.",Отставка правительства С. В. Кириенко
"1998, 11 сен.",Назначение Е. М. Примакова председателем правительства РФ
"1999, 12 мая",Отставка Е.М. Примакова с поста председателя Правительства РФ
"1999, 19 мая",Назначение министра внутренних дел С.В. Степашина председателем правительства РФ
"1999, 
Нач. авг.",Возобновление военных действий на Северном Кавказе 
"1999, 9 авг.",Отставка С.В. Степашина с поста председателя правительства РФ
"1999, 16 авг.",Назначение председателя Федеральной Службы Безопасности В.В. Путина председателем Правительства РФ
"1999, 19 дек.",Выборы в Государственную Думу третьего созыва
"1999, 31 дек","Заявление Б.Н. Ельцина о досрочной отставке с поста президента Российской Федерации, назначение председателя Правительства РФ В.В. Путина исполняющим обязанности президента РФ "
"2000, 26 мар.",Избрание В.В. Путина Президентом РФ
"2000, май",Указ Президента РФ В.В. Путина об образовании федеральных округов
"2000, сен.",Указ Президента РФ В.В. Путина «О государственном совете Российской Федерации»
"2000, дек.","Подписание Президентом РФ В.В. Путиным законов о гимне, гербе и флаге Российской Федерации "
"2001, 11 сен.",Заявление Президента РФ В.В. Путина по поводу террористических актов в США 
"2002, 24 мая",Подписание в Москве президентами России В.В. Путиным и США Дж. Бушем «Договора между Российской Федерацией и Соединенными Штатами Америки о сокращении стратегических наступательных потенциалов»
"2002, 28 мая",Подписание в Риме «Декларации глав государств и правительств Российской Федерации и стран – членов НАТО «Отношения Россия – НАТО: новое качество»»
